,GSM398085,GSM398101,GSM398103,GSM398107,GSM398127,GSM398129,GSM398133,GSM398135,GSM398139,GSM398145,GSM398147,GSM398153,GSM398155,GSM398084,GSM398100,GSM398102,GSM398106,GSM398126,GSM398128,GSM398132,GSM398134,GSM398138,GSM398144,GSM398146,GSM398152,GSM398154
200059_s_at,10.8587333085001,11.3004413399142,12.0116496979187,12.0029877409977,12.1632419178349,12.039324599984,10.7694213360567,11.7956942463016,11.5887002595678,11.8739646443169,12.0060271923112,11.1719443076233,10.5907368264821,11.969136867336,11.351941141569,12.1179472920192,11.7349227492723,12.1405291459084,12.1007610057224,11.1533195168946,11.2964661152796,11.5863251276926,12.3112780670957,12.4759794711895,11.6497114047601,10.6768950876239
200718_s_at,12.005765796098,12.4968549723004,13.0243850498025,13.3521566554427,12.7659064785372,12.6574629389998,11.3912566002619,12.6759444197812,12.9976867295839,12.87601281456,13.0594468832047,12.4179769706219,12.109010919634,12.7716791206347,12.2401870988851,12.8548842968359,12.7373998430622,12.5978048213814,12.8598239812451,11.9562714202438,12.3093247010685,12.339050228573,12.9236017232876,12.969352093125,12.7102974478197,11.4333768715802
201218_at,10.7627134809461,11.8124102155442,10.6247866503804,10.9497600354795,11.2735271196901,11.0539539445188,11.1606994484521,11.3866601678292,10.8733813050368,11.2428121289612,11.4205252785668,11.1425487805604,10.9504446359035,11.0948928819245,11.0369528518293,11.509649992483,11.0976496184205,11.32984350984,11.2617767572668,10.8273739633761,11.1857001492747,11.2898150117126,11.292542813567,11.4155101543047,11.0468077479135,10.9743678449015
201219_at,9.90230302693969,10.5904154162228,10.2874502824806,10.4418302162736,10.3704315449697,10.3289241679564,9.83646581008037,10.4296472320003,10.6969322331065,10.4976193752207,10.1283602385163,9.96484071695312,9.95944484611519,10.0313406148457,9.67750863055708,9.76090969727522,9.98639704257189,9.7804862796525,9.78740993099119,9.79625095277019,10.0115569084797,9.79526051901892,10.1129656241185,10.1396416132829,9.76980255882054,9.63089081468636
201533_at,8.69270198705218,8.79428580786551,8.79746342733842,9.07974339631455,9.02524336964501,8.70155051785479,8.6737496863857,8.67998475699837,9.03013353356247,8.85480054065031,8.77515634947628,8.6423975853054,8.60071819710911,8.77492726857195,8.25150526550915,8.73609182735757,8.64076725315138,8.75860878083343,8.61450713377544,8.57201377402857,8.67642713929337,8.64316592443252,8.71003465504419,8.70132504518127,8.68127932397271,8.52779029478016
201700_at,12.7023307910765,12.2514425965306,12.6236835802524,12.5815220230207,12.1642200924755,12.5401584174076,12.4262526617656,12.5262618668819,12.5786965441309,12.3175647530311,12.5606872772946,12.5413176224926,12.3780884723965,12.5559851775602,12.291887052072,12.5857812267383,12.4682027042443,12.4575851607602,12.4534364312472,12.5583739505821,12.6230245576521,12.5840503635443,12.4612468343859,12.5496127305417,12.4707481930693,12.3568659819069
201868_s_at,11.4771931613095,11.2274315953995,10.8769592530362,11.1519093290103,10.9600697782183,10.4107867889813,10.3704315449697,11.622908547672,10.940754888066,10.8713976327815,11.571918104079,10.7352236201623,10.5193602025247,11.7190595227244,11.021348494934,12.1658793263887,11.8562348583542,10.6142911940906,11.0260139698725,11.2685776927187,11.4732224514551,10.6453504405328,11.6199689292267,10.6932472034568,11.2938023502643,10.7633300003905
201907_x_at,11.519891427338,11.2431926529483,11.1183441831709,11.3309914538488,11.5903118128794,11.1796257607051,11.0449786944981,11.1894143648791,11.1321735940245,11.4897086028098,11.4110118345773,11.0133036069287,11.3154479412653,11.2607425363614,11.2792132191872,10.9035892546579,11.2771977722647,10.8594042740288,11.0966569561074,11.0268568713851,11.2598411581141,11.0940611417228,11.1937627037978,11.2387434299469,11.3607808157386,10.9309511848279
201908_at,10.6366049000884,10.7004769154067,10.6690569857151,10.6950104317263,10.867329550289,10.6975893693786,10.6306809880211,10.699490917489,10.8311737047277,10.7420196597734,10.7705413004038,10.6770905604626,10.6927889214926,10.5557058439732,10.4955380682843,10.6932472034568,10.6537137252596,10.6749821493013,10.7412077806366,10.7226016513468,10.4841163652909,10.6221876105977,10.6587737920847,10.652259000967,10.7237691342885,10.8145891620331
202035_s_at,11.0716636967282,11.1675437077812,11.2455644493231,11.3102432450761,11.3414208360365,11.1421888369941,11.0848814103142,11.3934081616276,11.1039515248278,11.240568187961,11.3664755816597,11.2389543397691,10.9929140336952,10.990632011798,11.1616250290893,11.1120523747546,11.3697552489026,11.1274657456597,11.1881232610419,11.1694520766635,11.2160128197778,11.1703746618357,11.2502425137054,11.2433881069989,11.1840788932281,11.1114237699286
202037_s_at,9.12986209567793,9.22418783023491,9.2047815372842,9.23149835472492,8.97286682715933,9.17348143423428,9.28407660127967,9.17003175623398,9.35123464842259,9.22827081008984,9.36279373850607,9.04993354152776,9.15372900972635,9.11069265299049,9.00868062085422,9.08729958712314,9.18696268192399,9.06907054416837,9.21436885408664,9.33450140110545,8.99687924621725,9.15579925042327,9.24350269592232,9.32592834399733,9.07815984993886,9.31990363596743
202425_x_at,9.67265099627734,9.23347264663859,9.40203955474533,9.40041067796077,9.47138060064731,9.41710095356851,9.52927697666273,9.81019048717867,9.912814743688,9.93650929104506,9.89724988586535,9.5319339295696,9.69161641258853,9.64947498286801,9.38698076411545,9.32080967873254,9.38456285417865,9.05297828982269,9.51397661276134,9.8078726312149,9.64260713667757,10.0192691603884,9.89442637604065,9.88948886643951,9.3953585967726,9.56051075306874
202429_s_at,8.98222927340988,9.168918018192,9.13168632482639,8.87777998306441,8.93881115040124,8.83770028862852,9.14090931629426,8.92989328453687,8.82699496513218,8.81859023086379,8.57607604655947,8.90250284668883,8.86840284276177,8.89703431876198,9.25124350882651,9.12037864751582,9.03445567646169,8.96880903222416,8.9826102363295,9.01558562326873,8.91974849998523,8.92599501751658,8.57922795468319,8.59291520013096,8.63422173635574,8.9574918245338
202526_at,11.6407288784098,11.525852786756,10.6371070824962,10.6118818014396,11.1714238051835,10.9290253966909,10.8560611161627,12.1741541535369,11.36337150015,11.9898710320116,12.4040532768203,11.4217040803662,10.9154519365048,11.8276393405868,11.2746743976513,11.4510103198614,11.248229749208,11.9610695211299,11.5818870042741,11.3369375025489,11.3718286336194,11.3819327201713,12.0620697026647,12.0452020584045,11.4644381244363,11.2160128197778
202527_s_at,11.1499180142148,11.5014054266276,11.2890883751241,11.885917527055,11.1106776165997,11.4183364637866,10.782641652048,11.2617767572668,11.5035284148591,11.3294851928943,11.3118904485125,11.2119228121582,11.1826421787095,11.2407458435239,11.7661551814017,11.2690790577778,11.4050544236316,11.4092359009603,11.3954337395504,11.06274542643,10.6915554988096,11.2188345731303,11.4632666280458,11.3886238914389,11.4035014170062,11.3170349251075
202762_at,9.49423417181437,9.55671582261105,9.49181152870909,9.48335562650179,9.5222201216193,9.40234238623758,9.30828151159516,9.37804623276161,9.27623602051121,9.51329025589907,9.6529530955833,9.33141038294245,9.46679639863348,9.45289222276137,9.07974339631455,9.46742614656822,9.41485630941738,9.60345845680857,9.37063617379356,9.34668307085051,9.27380898376,9.11174432840615,9.40026761335183,9.52842655235446,9.4828528809655,9.49523436851246
202800_at,10.486214636228,10.9881263291169,10.9538251314452,10.8070434115886,11.3063273075799,11.2041799758684,10.7990126164032,11.178369168072,10.8743805916965,11.0011449840207,11.4422843844406,11.2729344827547,10.7863402055451,11.8943281275273,11.296295844328,12.4743759168072,11.6650860728899,11.9562714202438,11.8747040850395,11.2078465815081,11.460985609454,11.7116293530835,12.0399391738226,12.1108165095805,11.8596388898787,11.0794577163004
202980_s_at,9.40611126678126,9.62747665951255,9.44323691238253,9.22551857636662,9.34326665769027,9.30284865151781,9.43882946221404,9.40675445025615,9.15372900972635,9.14384173004493,9.42795918414264,9.41179054454906,9.3501281360813,9.364682212724,9.11281246798741,9.6520076142859,9.59348805932585,9.45790802260862,9.41081325842423,9.45197062339808,9.25558336414956,9.25677698330579,9.35219581306305,9.3671873937647,9.32339989575244,9.33550068643169
203218_at,10.1306023798525,10.1973352808161,12.7317654905851,10.746160979921,10.5647904423431,10.1069917862443,10.4130323514197,10.5224308503141,10.3480842305941,10.2357413295464,10.6576284784371,10.3052201611272,10.15198597836,10.2110384887039,10.2533973304767,10.2112069975108,10.1983923882068,10.3394254198723,10.2472721994345,10.0064688937733,10.1479702354685,10.1032843193018,10.4774315930542,10.3813611780134,10.2849843237061,9.83367392981471
203230_at,10.7866486288531,11.0526030624281,10.6951497922876,10.3536860028344,11.0409328229498,10.8407758780587,10.694390620795,10.976304707859,10.8187266324974,11.1610709512968,10.8493656706523,10.9688686061689,10.8967544677129,10.8210263853409,11.9162589888678,11.3852253243932,10.9958244835397,11.1657259575901,10.9105597264733,11.1452131961509,10.7815187881083,10.8315153933059,10.9354053863494,10.5718734501109,10.8941891000579,10.8668360366091
203304_at,10.6687607691741,10.5793718901143,10.7102986443188,10.8774604094006,10.4144610721465,10.6387870827048,10.4680353783993,10.8676295124651,10.9792074628032,10.7991829595684,11.1110339259798,10.8107852504868,10.3843299421998,11.2457017831254,10.5712571028909,11.0566175159916,10.7825216025892,11.0073952690115,10.9943952750598,10.8125753696237,10.789735384092,10.8149023344727,11.2294395822007,11.2292523775496,11.0384370302307,10.4463847766731
203525_s_at,9.89428793736246,9.63741118621304,9.95497898036959,9.72831199960119,9.66020461259989,9.90670393482871,9.74500787690863,9.94039797190519,9.95975889789445,10.038211552821,10.0248278098683,9.72271071438212,9.78832161444487,9.97805909079229,9.77913024227301,9.5249579902663,9.68779702102181,9.6507639926707,9.96819913046454,9.92412291991035,10.2272381250294,9.91392280000388,10.1352948176089,10.0713183693865,9.93979901483534,9.75607741383916
203527_s_at,9.42232821241803,8.807872570663,9.07159688967731,9.31093214288757,8.82747938210348,9.27643033639813,8.97324769682474,9.25020564840636,9.35988566494589,9.24618821248898,9.264403418564,9.25280191806024,9.43967357335912,9.49550669727123,8.78383513556047,9.02120795688335,9.09629786676078,8.89409016264758,8.95403263041826,9.06162316537743,9.23005318220885,9.50994989538108,9.6110875728303,9.46177487505848,9.32425452937233,9.10980230888323
203575_at,10.0845721520943,9.97726810065655,9.84091044718584,9.83793570261068,9.83018687075774,9.95944484611519,10.0107521084514,10.0966102356034,9.66668100373555,9.97805909079229,10.0251654140717,10.2260219049042,9.7028818634239,10.8191999405924,9.73920210022644,10.0242991210589,9.96608515127007,10.489526066158,10.6456810401281,10.0350178273271,10.2891787916832,10.4454258269772,10.301157462607,10.5270564507738,10.2391466216433,9.47138060064731
203706_s_at,10.0841012200896,10.2263238382038,9.97600795283551,10.2447598986758,10.5894736183663,10.1664385499585,10.3014292240208,10.244897402121,10.0370547068829,10.1157977476866,10.3378446862556,10.2312316651076,10.2261926128762,10.5756075610098,10.0992532429095,10.3190079705543,10.5263785002474,10.6280343546831,10.6242872912677,10.2219717157179,10.4209307168096,10.6929375725594,10.7681358831481,10.5048127555663,10.5276133058294,10.331494649541
203896_s_at,8.95995197721114,9.02337460974483,9.55241789086366,9.62937503850869,9.51855235017138,9.24045435688747,9.28859582208441,9.24329485986588,9.17037958409427,9.26424740213361,9.56145778147572,9.11313088619457,8.96554389868492,9.16238264654469,9.31486041158068,9.19333103027245,9.21468862875001,9.57420066264176,9.24807588749488,9.00506633728249,9.11948515556322,9.1329365356522,9.40547356600396,9.29247658163507,9.37146662042552,9.11575281196662
204046_at,11.4069590225088,11.3469289432723,11.2904047277679,11.0985496193743,11.8845604328917,11.3239487914023,11.4221262844629,11.3481714234739,11.2778155525395,11.4155101543047,11.6254170665691,11.5947790046728,11.4915093463891,11.2227928051756,11.5782498490455,11.536464248055,11.7030574357948,11.6534194801212,11.2739252153005,11.5968731778658,11.4333768715802,11.6800117774595,11.4073606369106,11.4548217672658,11.4390136256471,11.4496129807084
204051_s_at,10.0853329974555,10.0905224782151,10.3508328531661,10.8686345741542,10.0488843645127,10.486214636228,10.2184719215682,10.3363749719928,10.5574196367837,10.4201225070931,10.2967858480678,9.89198370885389,10.1930755173133,10.6179000771167,10.0753192046036,10.2937451435041,10.0953923357659,10.1923664310688,10.3668247575192,10.2733702473268,10.411948005166,10.4379013461473,10.6553725865469,10.4386915317317,10.3191576945655,9.94900165289578
204259_at,9.90914990461435,10.4065115307263,10.2423398767346,10.0748167483045,10.3734099677672,9.99558566345547,10.1031233551226,10.0753192046036,9.71875525980029,10.0604589297544,10.2008618879202,9.97497645578336,10.0030446322991,9.90788653131571,9.70602065915102,10.2178406226492,10.3666577051663,10.3092611910803,10.1645871781101,10.0841012200896,10.0779700582439,9.56841608865449,10.0435137109015,10.2072270953479,9.99805777516018,9.83778588843498
204420_at,10.2684430783052,9.98767027707315,10.3237300359859,10.6046191889411,10.3479384529773,10.5152892738551,10.5237220491238,10.5813019350883,10.5431084680276,10.411058341542,10.1000172415221,10.0762594655185,10.2477384775597,10.1296425841809,10.1638222263206,10.0599656602617,9.88770960146442,9.82152885159938,9.91717903686403,10.0278837309957,10.1763573043674,10.1514977002637,10.179624872272,10.0491820017955,9.9862544685002,10.1538379365354
204451_at,11.4978144262249,11.5408973123759,11.4512138938867,11.6749713925886,12.1503014272164,11.8807728630841,11.5039706814232,11.8099779537098,11.8714337668651,11.9545337007857,11.8553936412367,11.8184117897503,11.7697424251277,11.8131566139433,11.7844416357819,11.4035014170062,11.7081159188313,11.7624288233429,12.084055247073,11.6820890279764,11.7337606197529,12.0196367305621,11.8573627384475,11.8755951925879,11.8576163968642,11.7351796733286
204507_s_at,9.60592841344299,9.29873022300388,9.27397585097374,9.8848934979639,9.09329084119653,9.70570550059452,9.35427807398518,9.59413246712577,9.77674174186573,9.78802479202036,9.70130093165867,9.56565731286396,9.73152014844318,9.83161018147661,9.66605060674808,9.53116187371131,9.48226411364058,9.25863198430018,9.27277656295596,9.4197999958682,9.55457057084613,9.82121013127306,9.8710532240219,9.90699370551163,9.64808860376234,9.58383585456024
204984_at,9.08312577633034,9.01579267539256,9.11699152311893,9.08181552269052,8.99080904979246,9.32939914783378,9.2600822871618,9.25878849849751,9.34756777634076,9.4297141389785,9.23280901928232,9.28154749823537,9.27747078722614,9.29129271614255,9.14090931629426,9.14878538607516,9.59052222749428,9.13653816108165,9.29853767301096,9.34100387687433,9.70602065915102,9.52479517064531,9.4808514948337,9.59894395665263,9.24684015995672,9.19937324119506
205254_x_at,10.194756200691,9.80607556634504,9.73829162926685,9.87119652570528,9.2037713974544,9.50324992600824,9.62429033643536,9.79995981328952,9.39874636103836,9.30251999098503,9.66057342936709,9.43228337645002,9.49581284634199,10.0705458514051,10.0589674210533,9.92280649126042,9.85661174764923,9.823567084717,9.55410546481791,9.77802340862072,9.80636524755064,9.33023694357081,9.60532331672776,9.68364466629281,9.63248265867815,9.4767680021401
205320_at,11.0179518386552,10.3578450399202,10.3171135897804,10.6516086483696,10.4959713784011,10.651429086893,10.502890082605,11.0414912934866,10.6468334836078,10.7569008157779,11.1098450430356,10.1949468451058,10.3412043455331,10.3942452636992,10.5819723166147,10.2516470174948,10.1605600457756,10.2557650304905,10.1038643554585,10.1051135023669,10.347649543086,10.288261156341,10.3553996529008,10.5187439834314,10.3707389125677,10.3444985638042
205397_x_at,9.97432702015049,9.87315760500941,9.61518934637058,9.83412074363298,10.251205652582,9.91253647140136,9.986095088506,10.0483594766645,10.0499791373564,10.2329614742574,10.2412005251313,9.9748126739088,10.2016025994181,10.0281771290616,9.83037283142971,9.94226963739282,9.91038652028523,9.6763930884259,9.92280649126042,10.1062067032835,9.88797617333898,10.0660480929701,10.2397753617594,9.99269556055122,10.0390252986801,10.0663372265168
205398_s_at,9.90542032219979,9.82423891455364,10.0104184341071,10.3922544055444,9.95048750945133,10.1318287455227,9.73167949606943,10.3745954852715,10.1100018754111,10.331494649541,10.4073522790164,10.0692938804304,9.86153184333415,9.95590445654432,9.82390449578666,9.70320596671638,9.94390817130701,9.62862264478733,9.94209888512035,9.58296083892883,9.90072393405919,10.0798668115413,10.1734730035102,10.1129656241185,10.0215779090298,9.87803035420093
205606_at,10.5600480311873,10.7266087583527,10.5558879134921,10.6041541311683,10.446235829515,10.6079248905275,10.7931370988239,10.5268721351039,10.5528107053134,10.2033464808972,10.4790484025587,10.656831535504,10.5102585890797,10.4330370680067,10.7787662084695,10.5171690097785,10.5825242955404,10.6589686369715,10.6285208505133,10.6049005167003,10.5995599608406,10.5806920586924,10.6453504405328,10.2574701818319,10.506566801851,10.5392512601116
205897_at,9.31160042854316,9.73029517801144,9.43803396267767,9.90212368918317,9.60563337625864,9.88626706695866,9.74638089529024,10.1278738835209,9.67783537001665,9.86937163367922,9.5413190549869,9.54355841010204,9.68335351705237,9.55080602538989,10.2960483425942,9.37881440911589,9.60362351172027,9.42762942940222,9.58030374350822,9.27242484977213,9.75822070438525,9.76167617123918,9.75057936707164,9.86995960461719,9.55606870786084,9.62832619997035
205990_s_at,10.5929885715059,10.448676743257,10.427909609345,11.159200163606,10.4277722210096,10.5659987351408,10.9205653330987,11.1181895866752,10.6200260992199,10.9137254599117,11.0280031291767,10.6112620227304,10.4062211472752,10.4739269092092,10.7184010554895,10.4507820987666,10.3596858000598,10.2010292755624,10.4643077041263,10.4677167321792,10.1988109475206,10.5701659179825,10.3198963609017,10.3421322906723,10.3564166035407,10.4060587963376
206075_s_at,10.0308439667822,10.0036722579704,9.97027918539628,9.99016340885133,9.99508874814126,10.079418578753,10.0464711824743,10.0356952307722,9.95419843275537,9.99124604952577,9.90376608262906,9.98561390655452,9.9442281575977,9.92088061941942,10.0970428380803,10.0387059503963,10.0477476152038,10.0355120532403,9.99060193032303,10.1734730035102,10.1066681484829,10.1262916277272,9.86698164255107,9.95741681301084,9.77274418347189,10.0203390985716
206103_at,10.2532272231886,9.91476668482206,9.75981253621949,10.0408664481299,10.0146387871969,10.1235522800471,9.88108741641997,10.2935915566841,9.96575897781207,10.3206729358959,9.95432664639252,9.82903599041001,9.75386105170397,9.75885569650682,9.85201292363348,9.78991930552128,9.69677208492258,9.90167365139408,9.66790136150662,9.7312170820963,9.82483877162994,9.67015629050951,9.67455089030789,10.1082000308572,9.80401083568884,9.77959594536334
206270_at,8.61450713377544,8.59749691529912,8.61736592021293,8.66936971386128,8.5539630316595,8.6737496863857,8.60369367459022,8.62319845810092,8.99610460801382,8.79098658436247,8.76841084109779,8.57233108276597,8.64212621170142,8.67778086888325,8.3757831992383,8.66559992046923,8.79145790452158,8.44546096400487,8.61991822807698,8.64102983317457,9.0403772025217,8.73866143892157,8.87950322139674,8.88015765775076,8.61251021564916,8.54041509263455
206458_s_at,11.4032841774994,11.4211413349971,11.2294395822007,11.5138802965213,11.6935343325433,11.4677028828682,11.3644968128886,11.5428288199593,11.6189320703503,11.4032841774994,11.365534914536,11.5430070572397,11.6205882668569,11.5603501516296,11.2584885912593,11.0769270722782,11.2441249657327,11.3668603485291,11.2043750122864,11.4444487965859,11.555303775065,11.5954215266484,11.3605561731947,11.4151006609807,11.5656115272633,11.6995221363646
206459_s_at,10.8983105503832,9.9149202967956,10.0976808569381,9.99478459033277,10.0711798380858,10.125259274261,10.7497999457449,11.1985386564644,10.0806130935678,10.3699351023203,10.3951140081555,10.2776259380563,10.1645871781101,9.66397811918527,10.5168741369459,9.81656577331176,9.99256423916522,10.1817336905955,10.0557091694957,9.92457410809769,10.2091300264593,9.9580465435575,10.0765633167359,10.1307801090826,10.1586225159659,10.3499202272222
206562_s_at,11.9139143136126,11.9537422026378,11.770214441371,11.8437463610232,12.0821531599655,12.0612021460494,12.0630910066402,11.942865824032,12.0040578162245,12.0473646489786,12.008251936164,12.3534092604844,12.1771356921261,12.3130068106194,11.732254432818,12.0658476468967,12.247838324223,11.9927131705606,12.1236053047269,12.4257868880841,12.0849881709793,12.3602411039594,12.1496300169526,12.1889025030829,12.2822983482574,12.3097581817606
206853_s_at,9.20004849461144,9.50152991348218,9.40565242663082,9.44102804514566,9.75290391027452,9.54941137480609,9.49874159688488,9.45597817550152,9.52156937217235,9.7418298857409,9.71765080284506,9.36817538648251,9.59381310953345,9.35775805254612,9.29315371736009,9.42011286386762,9.7421351925361,9.33684652329596,9.619394381226,9.50420887632803,9.43305434490912,9.55623399075851,9.82574631196214,9.76678026754429,9.47257717701326,9.68076298167164
206923_at,9.80091182015786,9.64276318036003,9.65703166865167,9.45993719122235,9.55033670934658,9.70337749824507,9.83474836443665,9.7255838495675,9.92381043283655,9.92457410809769,10.0444855902612,9.85046964484194,9.99226690462737,9.95231321976939,9.39481795635789,9.79720666597241,9.81458573453951,9.57405169452806,9.56471869069743,9.70150403575354,9.80959790848665,9.98828882536073,9.89681292132666,9.94929184194685,9.86860011450811,9.93143583494389
207416_s_at,10.9809993793422,11.1351923068682,11.0961736956836,11.0001585738118,11.4460146687289,10.8790305055862,11.0417254900715,10.6138348428058,10.9451522997401,11.0902313162623,11.1428691667963,10.919124993757,11.1557991086604,10.3962356652225,10.9721224059239,11.07316880933,11.08284092925,11.1484464086063,10.8574884622734,10.9630573138466,10.271049407801,10.8777657523852,10.6604593424259,10.9143800357879,10.7332976358593,11.1185513218524
207419_s_at,10.0584914108154,10.0887482140293,10.0749903579422,9.88770960146442,9.9189224634749,9.8001302070729,10.0405789410792,9.66213755055085,9.64732990861125,9.60153899560255,9.6417077718127,9.83018687075774,9.79608253007274,9.7585370575303,9.94160624946295,10.1326441621635,10.0533701222646,10.0816120024897,9.95356430822565,9.91815282399631,9.78412858985653,9.5692084773815,9.44764308232762,9.6557688964018,9.77913024227301,10.1072914485114
207613_s_at,11.3575141516981,11.1782112612015,10.9798715402285,10.8576435523761,10.7345952962761,11.0004735249119,11.1237664975978,11.0087364822346,10.8087572372093,10.7697163944484,10.4007681312324,11.1788807734753,10.9275121011056,11.0823077491039,11.2004296917815,11.1084795116905,10.782641652048,11.0324078546515,10.8469210456833,11.0522729703702,11.0283383112583,10.8795372602846,10.4210624369377,10.7252859313018,11.1950795022697,11.124303003355
207782_s_at,12.679076032055,12.6903151392174,12.5769945080714,12.4968549723004,12.5325232633473,12.5786965441309,12.7425765127896,12.6398089942343,12.6716502917533,12.6594941723128,12.5443855170394,12.6323887136381,12.6956619344726,12.5923840498583,12.6029636984797,12.5952541330027,12.6941710179232,12.5984431273232,12.5069238946473,12.724023724351,12.8076649542262,12.6384961776756,12.585243790496,12.5588584333181,12.664663207666,12.7310125555284
207974_s_at,12.1123749034226,12.1239040312732,12.0004132914916,12.093125849113,11.8543803732254,12.1145678940105,12.1860634774379,12.1245039750726,12.024664070668,12.017978159854,11.9177128771142,12.1064938376672,12.0283573927479,12.1133173124169,12.0208283282028,12.0473646489786,11.9220509327027,12.19259857836,12.0911104586792,12.102309588283,12.2152274896702,12.1700397296217,12.1058538105233,11.9979228084331,12.1160720567481,12.1800724124255
208641_s_at,10.0539831885406,9.86745773359636,10.942922948311,11.3977582099575,11.2821490376318,10.7994890901502,9.78945796814933,10.4571696356491,11.1983750487473,10.3578450399202,10.3400334040463,10.2682908114913,9.7007531263718,10.3878909460979,10.2595822635562,10.269895878801,10.1398681160624,10.3551117865615,10.5093120992723,9.88827141588162,9.75153151771976,10.0464711824743,10.3354710716381,10.1834529237316,10.0099621666508,9.15634688309623
208865_at,10.4794983439267,10.509173082929,10.5337818435786,10.4062211472752,10.4463847766731,10.5380608685564,10.6353185628615,10.4927100244022,10.2275659842431,10.2965097861494,10.3917787282143,10.4991756159991,10.5562130244971,10.2903490641574,10.2434352606483,10.5391118674749,10.4613080095439,10.4024273893064,10.3394254198723,10.5276133058294,10.2577873272179,9.96192749002997,10.2749630172079,10.3451554942694,10.3570553084319,10.5347703523491
208867_s_at,8.57486472147072,8.67515356801967,8.57486472147072,9.10864340994268,8.89258618385349,9.09646648781175,8.94105795056126,8.74858293499604,8.66356447861221,8.86551481504477,9.069810276306,8.70006525942373,8.74837316829272,8.62411573339126,8.7615853641867,8.71465084794598,8.75115806630698,8.79346713489853,8.65836621935255,8.62562570287043,8.75011339800753,8.81161848359491,8.79648135310771,8.94694857915163,8.80677732504037,8.6947022760169
209664_x_at,10.5882858443201,10.3982818103231,10.3000636632064,10.5325015273951,10.431116239914,10.3108045813288,10.4841163652909,10.4491948671468,10.482163101647,10.5572470363638,10.5189238191349,10.5693652873799,10.6650571530115,10.5773896194135,10.4784097968864,10.4167773091943,10.4715797744286,10.2871833015542,10.4749884359917,10.5256423713352,10.3078620418679,10.7634757539907,10.6154590760275,10.5251813443956,10.5389590464114,10.5566692100189
209685_s_at,9.09409319263901,9.31142851511109,9.13637225525208,9.123230699554,9.31759616673389,9.1138136250728,9.25051445860453,9.30099727373498,9.01635418919433,9.03072689566313,9.24684015995672,9.24966210215739,9.1216075683075,9.13689963592931,9.06587899902616,9.24604169798807,9.24431584864814,9.22433788970549,9.25957715878023,9.20396152408838,9.26961510768176,9.09646648781175,9.18546188663442,9.14090931629426,9.09665002522187,9.16345798159862
209817_at,8.22510740840693,8.3522564068563,8.32869533719603,8.78140853490433,8.5632013931456,8.45185599117466,8.50452890510603,8.45402271489909,8.47341172278235,8.63065432717562,8.64551716150955,8.44824950285054,8.40808403613003,8.70486876875049,8.15492925003514,8.57891915213248,8.53236934015895,8.52340232727417,8.60772438659119,8.43320895160824,8.45439753677878,8.67859760420106,8.78530214888889,8.67079341548026,8.53236934015895,8.33544323655216
209864_at,13.8347047888449,13.2219586593578,13.2710902576324,13.1963468353543,12.918728188912,13.1920683501085,13.4825130059001,13.3362607793791,13.2610176372384,12.992150745726,12.8700597681383,13.4201707041803,13.3902972814133,13.5560986573836,13.6146074151751,13.1549991329159,13.0724111349891,13.2356220285211,12.8375214739203,13.4049704765705,13.5804294466697,13.3959994347087,13.2318227250664,13.1083483675917,13.3469202086181,13.4500576631271
209945_s_at,9.15744615359425,9.3480362476686,9.33850656181281,9.28584175705577,9.19278766907283,9.12037864751582,9.17652138903667,9.23080164898932,9.36847027841876,9.38781951796832,9.06108576769172,9.2600822871618,9.54307347890079,9.26411440864953,10.3511213949095,9.31196691962487,9.30648506790804,9.42250090671146,9.20495745880327,9.16256348767474,9.25093469562576,9.5539215344592,9.37357147759077,9.09714755151949,9.37165205832449,9.39638544251521
210114_at,10.3245976002719,10.5941898685275,10.4964376273759,10.3988167428092,10.5179097299175,10.3653100754329,10.4439008475989,10.5067050771132,10.4172456753706,10.3997612366454,10.5893161203313,10.411058341542,10.643622052908,10.2885968108209,10.3953000965418,10.0842811512487,10.5195503001272,10.4611810600118,10.5022616256392,10.5443379796304,10.1321881014104,10.3381390102815,10.3213404493507,10.4936634699432,10.278674461774,10.5806920586924
210161_at,9.74353319463731,9.63516431653769,9.60805092327242,9.63327471720823,9.76136797486489,9.82040811068559,9.75885569650682,9.75788401399003,9.54588332916444,9.62001693201308,9.65430655473904,9.83070820100916,9.70370045011512,9.66741641202537,9.88183514332557,9.63437265583946,9.53051482031769,9.7429026354688,9.73265680416782,9.73015735701694,9.59747558250377,9.58966139495565,9.45697894119451,9.55887458498013,9.83821596265127,9.67519935355142
210162_s_at,10.6885657144625,10.631848498065,10.6260855449582,10.5445010906315,10.6935544129186,10.5791416489581,10.7476027805387,10.5736806002607,10.7355416542107,10.5698491945124,10.7021258313671,10.6528644791069,10.6209288291172,10.5853834796996,11.3705160400785,10.7369953424889,10.6242872912677,11.0173079778378,10.7369953424889,10.6331695313394,10.7131600401237,10.7526816352744,10.7093882500294,10.7613017774631,10.6182339807257,10.6864210224019
210248_at,8.93653456596111,8.76036307382446,8.93191346674076,9.07091135181317,9.08089740726454,8.70435458049507,8.81815447442453,9.10638149860581,8.81907205826964,9.0727335750049,8.85639611113156,8.87800184505646,8.76867924369819,8.6906486790558,8.68023036855012,8.60803133108452,8.76082889132183,8.93030733281029,8.71620361644931,8.78116360910849,8.64986119520728,8.67405861900293,9.07487438528491,8.84678008121257,8.67538473984506,8.59137194553343
210477_x_at,11.5400359753634,11.3213094961952,11.1963985144131,11.1185513218524,11.1700076507376,11.3616853048839,11.3552904344573,11.2743015396185,11.394050132645,11.2770201334187,11.0958712971165,11.5037439025911,11.6459437324655,11.4421106103706,11.0745241008438,11.2004296917815,11.2744771258439,11.1584009223717,11.320147984282,11.5068781123039,11.5442239350913,11.5818870042741,11.400471848964,11.4134379687503,11.5123635418069,11.630153009022
210636_at,8.58989667170218,8.72728863442366,8.46978551645151,8.40253597716685,8.45614289450635,8.43355706524031,8.46525042930277,8.36627874761281,8.32000997514567,8.24162310800953,8.34763587094704,8.70588123285776,8.56815472666216,8.54837394756894,8.69093249435321,8.63285607562646,8.47453874091655,8.56971436294357,8.43567645320135,8.64578051902805,8.40475244686199,8.5504341732574,8.33830921892479,8.18656365604208,8.56293149064527,8.58458134059428
210948_s_at,9.50697215563682,9.51954700816457,9.70756876283079,9.42561439583453,9.46488250086673,9.45849976420008,9.46545850915463,9.43243308265096,9.37902506511645,9.36881009806275,9.4178844799348,9.40841291105171,9.28287276361087,9.23412261251756,9.12341432178068,9.52631497656407,9.38698076411545,9.51183185304204,9.35187157879264,9.44636743796795,9.37079199936802,9.24587883425036,9.24045435688747,9.34326665769027,9.22433788970549,9.57289899589568
211105_s_at,8.72245805873617,8.72006518936064,8.89384536002726,9.15907330527872,8.8966439640432,8.90398716649511,8.92531791759176,8.95383045491308,9.00424910568186,9.05278396882281,9.48890109597821,8.67429972146234,8.94811214532152,8.87370366803008,8.37109207594385,8.66246057210114,8.85926607310587,8.76666662838655,8.87437896359618,8.79196941984813,8.8833715329417,8.97801726934899,8.92764699614386,8.91449360514425,8.90812390895067,9.07329916071131
211462_s_at,10.6442666212845,10.582337231031,10.486683658836,10.5921484524851,10.4949073522553,10.4887556319191,10.503813606631,10.4504730104014,10.1944812463694,10.3589174195054,10.3008024796189,10.4857675515003,10.1932147301814,10.48846064262,10.832803320944,10.6169091872358,10.458487912482,10.5938481358177,10.3683031474942,10.5083541731968,10.5224308503141,10.2258435043932,10.465529109359,10.3014292240208,10.5522252483896,10.4671163974921
211483_x_at,8.83176424090278,8.89281559860826,9.05655169344306,8.97611778730273,8.99894528506133,8.94042363555697,8.87924939571804,8.867068284262,8.88846158391341,8.71643913370041,8.71692991167273,9.03670343623689,8.99324963784657,8.78140853490433,8.96143994076434,8.90898074150862,8.97671225382647,8.97782751696915,8.86193282867889,8.99764875755208,8.90671027598423,8.7526597806751,8.67614010221201,8.92002097489324,8.8711916606209,9.00288689867447
211504_x_at,10.8370007662603,10.7209403105513,10.6727627426592,10.6268945998246,10.1369205057607,10.5317322676799,10.7386389101146,10.7197843451838,10.6003064228774,10.699490917489,10.2105948393814,10.6054267483949,10.8847550457518,10.8797106506872,11.0799469840464,10.6046191889411,10.3605678978435,10.6962992193261,10.4896823803618,10.9329552071367,10.5802025947012,10.7432020454615,10.5693652873799,10.5182406756427,10.6643597872967,11.0201520618716
211536_x_at,10.1872744571705,10.5456588925192,10.2260219049042,9.92101491765364,10.1473568866122,10.0244654931374,10.2471398502199,10.0510436162255,10.1583442490645,9.90394779114529,10.0359927422632,10.2766243177946,10.243591065744,9.93993848672551,10.3115806735349,10.0581578981427,10.0453419145998,10.0567798811424,10.1307801090826,10.2210906760845,10.1219353918915,10.0407375344322,9.87998969292584,9.8429132761779,10.1456893465365,10.2979986390966
211761_s_at,10.4605663304923,10.5388125163142,10.3313165728403,10.2333992795812,10.3872721686197,10.2791636972777,10.3241929570241,10.4568547307033,10.7769988123276,10.4113686055231,10.565353259791,10.5910505323624,10.5298200857053,10.3744642902153,10.6298357990568,10.4000034059384,10.3922544055444,10.4522213712947,10.1188864262882,10.3502086775326,10.3811892293502,10.603544340689,10.6697275540051,10.5088515191173,10.5739700645105,10.514468658136
211808_s_at,10.5534787478749,10.6531770565964,10.3089677049106,10.4622180362905,10.5148323004344,10.3858244155576,10.5193602025247,10.4065115307263,10.2845724385733,10.3017504955389,10.2434352606483,10.4536525035926,10.5828240069117,10.4212172230156,10.7209403105513,10.3729257545663,10.3656024010971,10.5007716058722,10.5541444527328,10.4479733652791,10.290508356949,10.4650860612043,10.3793611167348,10.2701990867082,10.5124083530886,10.6775438584085
212072_s_at,11.4036812244381,11.1198529298836,11.154298845828,10.9416394329608,11.1039515248278,11.0104466208643,10.8257109266692,10.9231530408867,11.1376837546548,11.1043034151733,10.9597013321629,11.066960399251,11.1644495519608,11.1391533532354,12.1142501677721,11.1762223507631,10.9481435954091,11.2672808635814,10.9155721655938,11.1166527613666,11.1714238051835,11.1860635731383,10.9563591063634,11.0188983270074,10.9838534625197,11.2255552745972
212073_at,9.49505234968156,9.62395142960487,9.56876439451218,9.39012241495479,9.48213023935865,9.21853545875,9.62287871810784,9.32689940257036,9.21053806364022,9.26572026762219,9.05838102818332,9.67455089030789,9.39097039165242,9.52605700224947,9.57023902424511,9.48213023935865,9.27520423745337,9.38181371467402,9.30995208803451,9.51780775349837,9.43243308265096,9.52554806426268,9.14108734857734,9.24350269592232,9.12434918346788,9.39425833024158
212757_s_at,9.19791159252742,9.14457678471444,9.32080967873254,8.90528273052407,9.13312922505007,9.20581060669622,9.46821826732823,9.04360599805251,9.08841265577383,8.78924548752051,8.56585306457764,9.38761791229185,9.25509448627094,9.47074186915359,9.05453899492378,9.0526055348557,9.20078622741788,9.28826013562268,9.27894674310627,9.21693823912549,9.11246924675121,9.20818325072564,8.7159669664963,8.6890100898969,9.05013161898916,9.14839953263595
212793_at,9.45118991394368,9.67902229910661,9.38002030448158,9.481842043994,9.46141752809019,9.36233755080016,9.41918493139805,9.36339618731254,9.45163594522291,9.17365284961618,9.35073865744062,9.40708097316838,9.39994942566715,9.34952091291606,9.61830785584848,9.49941424915804,9.46887682884123,9.46242440661109,9.41393547545401,9.42986224476057,9.35562225101769,9.35316815598651,9.30007299677166,9.39063174492991,9.19588034115885,9.27053123177941
212849_at,8.49032808359633,8.66417372806531,8.58431010421023,8.52637875464835,8.75163637950333,8.64747884209992,8.64578051902805,8.61764122380899,8.63033936264439,8.69783376419925,8.54989035242455,8.8958314408322,8.63193918742401,8.46075151050468,10.4274463590422,8.70763245375986,8.75860878083343,8.73107933761741,8.74653144748461,8.90528273052407,8.63507456115753,8.58270284081907,8.68486178761204,8.57835326295475,8.54345262818324,8.71293701277903
213086_s_at,11.6518729028882,11.2705318066517,11.942865824032,12.2131042370339,11.6355068234165,11.6240749183665,11.6499161675479,11.5966979008862,11.4936510827152,11.6122122985697,11.7536363600582,11.4011633493372,10.647628066585,11.7447967125686,11.2458502249687,11.7716957925883,11.8215544682336,11.7947260670336,11.3890035685178,11.5476032876814,11.3845094494524,11.1252277665258,11.7757683496009,11.5937107141848,11.4852003478899,10.9229826930137
213108_at,10.7575655157948,11.3339915561429,11.163720712096,11.183230832459,11.6644420052467,11.1161641355671,11.1078409525383,10.7193119542351,11.2126262266686,10.7264429224276,10.8244722414364,10.890854364522,10.9704511898493,11.4199760887004,10.3970188773003,11.4642381437793,11.3393874759604,11.1847661360844,10.8554437239085,10.5539908289468,11.1860635731383,10.8938185348527,11.6674187958537,10.7724774039041,11.1016284826715,10.6352337486335
213222_at,10.9290253966909,10.9042333753132,10.9342253794478,11.1944190128004,10.8484790932155,10.9787876688286,10.8136175468476,10.9642263104036,11.004449470781,10.9286564844964,11.1844242740584,11.0754884317882,10.7968270482891,10.9439905659211,10.8621969463654,11.0657443685157,10.8786955894805,10.8993015788677,10.7050328901215,10.9163384461259,10.8455767121558,10.6265799060702,10.9530141243483,11.0498224658887,11.0106096553913,11.0025608263064
213281_at,8.87885055248951,8.64606004666524,8.76722082346339,8.70356847143863,8.61363711120836,8.62675255663428,8.80606663178658,8.56971436294357,8.48156741563763,8.64102983317457,8.49116535304709,8.85639611113156,8.62954371230531,8.8997100527472,8.72769742400549,8.7493098574211,8.73559096345484,8.72639698494657,8.83629915022408,8.92162600248684,8.70307699264229,8.95571113128066,8.61116231298389,8.55671037428835,8.64466131123768,8.66854442334152
213345_at,9.48196476604246,9.41165001583319,9.26840085396481,9.61186451529366,9.24735335740752,9.54148153784895,9.44038949132461,9.57982252661198,9.60819809168889,9.64904434675729,9.4849964660582,9.45597817550152,9.27520423745337,9.7778632682033,9.43653859134178,9.26906882215716,9.37663774196723,9.28073426923964,9.23511716275727,9.4297141389785,9.46821826732823,9.47043819346346,9.5378897184761,9.67473387712072,9.46424391468178,9.46503656461278
213384_x_at,10.5717160285352,10.4446795718838,10.470478171707,10.5290435177265,10.5649522026001,10.5134061118893,10.4944341580833,10.4333539438503,10.6614675864512,10.5876167099926,10.4124116051854,10.561405637854,10.7281306091069,10.541361597011,10.7784447712794,10.6236549982228,10.708382353343,10.5219419704468,10.4774315930542,10.4908585274334,10.4466783969725,10.5731994471706,10.4871381496236,10.4216639979355,10.264646597901,10.5016433219869
213400_s_at,8.60708380268265,8.43942774252918,8.77837616312554,8.57265793182244,8.43985432143577,8.80746615036243,8.82247239073719,8.62734635926147,8.61531430411847,8.7526597806751,8.51653961561595,8.72296482107537,8.77253511851279,8.66189863186352,8.79319294526629,8.6941389971407,8.9460757409213,8.44824950285054,8.80129095370278,8.8354659572501,8.84578217278198,9.08439540239937,8.65444708679267,8.65322728685377,8.40042881404921,8.56380685049122
213860_x_at,10.3439862478087,10.2215390846955,10.15198597836,10.243732543392,9.76992026700158,10.3852953219229,10.2595822635562,10.3401931849599,10.4454258269772,10.0949653618038,10.0458706355632,9.99345847872099,10.0992532429095,10.4164446849864,10.7361129853436,10.1743745725955,10.4067915120893,10.3581929775362,10.4592169393845,10.5207807177639,10.6265799060702,10.4571696356491,10.5195503001272,10.3237300359859,10.0997232809662,10.2549463329348
214322_at,9.24096078801512,9.40643333338175,9.1885167459443,9.20360501593425,9.33651741008998,9.15082489912475,9.5168770724776,9.24063604426793,9.51022087079559,9.30928680755198,9.23496101526794,9.27137210921241,9.24893994513859,9.32143116380812,9.1998903079386,9.48482687274605,9.59036453637633,9.16912709280816,9.19544719059376,9.45180651374156,9.45790802260862,9.36041302460823,9.27623602051121,9.30565905895029,9.16784664222722,9.45776719691702
214376_at,9.97774389418017,9.89537340090421,9.89271734205474,9.96192749002997,9.85676276462242,9.93258896872632,9.96373910097937,9.97884642393753,9.99421452853198,10.0021761823515,9.87966821611842,9.98985229289518,9.88705314833047,10.0383759803048,9.44418877736493,10.0195486027272,9.7977596167083,10.034358183946,10.0457306954177,9.93379487019153,10.0045586774685,9.85568353836435,9.94026259424889,10.0438530403039,9.96484071695312,10.1038643554585
215194_at,11.9562714202438,11.8892657712531,11.4600686600058,11.593920637896,11.2455644493231,11.5445835268401,11.9199279069598,11.735398147468,11.5143151563712,11.8856488947709,11.4869482389191,12.1445234607207,12.1098872830491,11.7731829281983,11.9382400122489,11.6328364057645,11.8464781187604,11.8072491569106,11.4944705985227,12.1083560422884,11.9177128771142,11.9727342021235,11.8391030195454,11.6153154299089,11.7510192412711,12.0522010196869
215377_at,9.06700052629665,9.16784664222722,9.11734240542861,9.05708782842024,9.31538459724448,9.21488845315862,9.20004849461144,9.13560841953813,9.16446040679735,9.17435539981486,9.25906592610824,9.19224925284872,9.14228685705275,9.06475881727871,10.5764235829852,9.18030103633165,9.17817161957522,9.20023356658328,9.23234896131221,9.33931972669722,9.30284865151781,9.28584175705577,9.24517279746492,9.14594670349417,9.22044699708475,9.3501281360813
216035_x_at,9.27262322577585,9.2812348918061,9.39233337984349,9.1286055941117,9.27474285702198,9.24481715193161,9.28963333142307,9.44056880150751,9.20644866709294,9.19857548162818,9.22481848928487,9.29315371736009,9.11734240542861,9.29717709871304,9.31744715255153,9.29280277098133,9.27679146508483,9.36339618731254,9.26625908021273,9.31885813397852,9.45400067901401,9.27781271809865,9.22989731911609,9.1720349662133,9.15940303383969,9.23149835472492
216060_s_at,10.7021258313671,9.67812194231396,10.2654001499083,11.3116827106277,11.0610145155091,11.0974797514137,10.2954049981576,11.2020410024693,11.1043034151733,11.0394560756261,11.2018779791381,10.6616411718765,10.4571696356491,10.5721971927293,10.3584494240413,10.226942692539,10.6042892997978,10.465529109359,10.7752138750926,10.4566852352414,10.6772320269026,10.5135612187292,11.2498301352101,11.0536166196892,10.3798216849064,10.4757923264552
216234_s_at,10.4571696356491,10.1372949449564,10.1718409068697,10.3905414034329,10.3335764929185,10.448676743257,10.2187819971429,10.1692264201039,10.3690377218602,10.5253215881556,10.5514256556096,10.3354710716381,10.4389878487003,10.3689092433026,10.3147341556093,10.2721107888528,10.330530785534,10.2746652565017,10.3395658992098,10.5266998859101,10.1638222263206,10.3893595751869,10.3438344348062,10.4117940499127,10.3164630459132,10.4411074125896
216511_s_at,9.56018954045297,9.74669869879003,9.79180228562173,9.5708537340761,9.57811570005487,9.52049706969451,9.53241450352551,9.39298259460603,9.39463670915875,9.35609739755206,9.2220084418769,9.69825883583604,9.66057342936709,9.28554205188311,10.1907259648047,9.58125267857597,9.49245806171204,9.70882670026331,9.50681074142344,9.53319100035824,9.45631384317197,9.52760878287204,9.13973168471684,9.37820928901053,9.56517472285813,9.77121725059985
218122_s_at,10.4164446849864,10.8773097735014,9.92381043283655,10.1594392294226,9.92719957166555,10.2549463329348,10.2413587043954,10.465853239641,10.4802218683226,10.4500018680856,10.5365243014128,10.3584494240413,9.91178736626044,10.5290435177265,10.2789922434507,10.2560997044354,10.5093120992723,10.1372949449564,10.877913123368,10.3716759736656,10.2493435882946,10.1257255416701,10.5544770031511,10.7161580708747,10.364835065284,9.94802675363713
218759_at,11.2793641117032,11.2207846226163,11.2800626494634,11.1533195168946,11.1158182233405,11.1106776165997,11.285446904569,11.2512156747314,11.1942493014331,11.2513994395659,11.3858242362787,11.4237327749842,11.3664755816597,11.2071292372289,11.0092274583292,11.3784277895553,11.2919079885208,11.3528857667139,11.1404024086537,11.1819238754174,11.3784277895553,11.0361026636458,11.4766033650923,11.2307383646992,11.2323761095874,11.5017781090015
219330_at,12.2906466572204,12.5205059273889,12.2939348390098,12.1498893478852,12.2958837408804,12.6147342088176,12.6003470859026,12.3869341341735,12.6433682664272,12.3991990982754,12.3775777866214,12.6752348493291,12.6484993866619,12.3319652428163,12.6384961776756,12.2648302324129,12.4463425673486,12.3740128434498,12.3968285686854,12.6941710179232,12.5085590986408,12.4764827012016,12.4724759718172,12.3874884145506,12.3727158910999,12.5353943454275
219483_s_at,10.0966102356034,10.3132671284163,10.1007955581055,10.044783736921,10.3287666410797,10.1075631578022,10.2642301366836,10.0834733563308,9.98485580365566,10.04966207586,10.3541455703001,10.1405224203489,10.1131461228352,9.95991437368276,10.1616698209724,10.2151323002586,10.3155514336093,10.2361521015983,10.2670651574785,10.2282354644835,10.0163409377933,9.87924383701794,10.0141721556108,10.1134945247712,10.2016025994181,10.2874502824806
219683_at,9.74898130157705,9.45776719691702,10.4713313070702,9.89950030843248,10.1826832253743,9.75435693251307,9.6366160389849,9.78917607768207,9.41518897960724,10.0472840611683,9.93201438292528,9.96934521685416,9.76324240023397,10.1523031330559,9.57337982695597,10.1511757393309,10.0618535677545,9.85438897935382,9.98655484738348,9.87893668264586,10.0410152449163,9.75276871142238,10.1944812463694,9.96664525827069,10.0281771290616,9.65669153469746
219764_at,10.0666507774002,9.80691646722038,9.76952411723035,9.50664657655421,9.56795433118392,9.62616690071849,9.91765762575713,9.613624434814,9.47189621988233,9.47490553974957,9.1707008330085,9.73611390698952,9.64260713667757,9.79792317332358,9.80677868764844,9.99212792479328,9.72204455372702,9.9142722696549,9.57865549624457,9.72587039051584,9.72087157849769,9.66151318089955,9.35299874299402,9.47722056992288,9.5791931786101,9.72399232402706
219889_at,10.5826707640679,10.5847644362594,10.8104674684995,10.9828272571387,10.8713976327815,10.8496861665687,10.6599507013404,10.7789545411264,10.6034048963542,10.6182339807257,10.781364180089,10.5388125163142,10.5683777571966,10.7786094780173,10.4394932370902,10.880161762884,10.7442622803142,10.6531770565964,10.5712571028909,10.6442666212845,10.6121987325436,10.40939359414,10.6112620227304,10.6366049000884,10.6498061922478,10.1666093665655
219908_at,10.8279855998767,11.0173079778378,10.986336801342,11.0370963029039,10.8050114920121,10.8226213928989,11.0482765886731,11.0482765886731,11.0051260180089,11.0542453325523,10.8391460803593,10.9485596232953,10.8892816359001,10.7331511577917,10.8086168848758,10.9307800551553,11.013964112875,10.8180894996383,10.9450016968856,11.1153211198043,10.8027979657147,11.1359035077895,11.066960399251,10.9459980237586,10.7575655157948,11.1525591400056
219993_at,10.2272381250294,10.3123699075814,10.1692264201039,10.1783739809488,9.86633702349652,9.96742280217846,10.3084848570716,10.3229455136087,10.1211246534448,10.1206874555234,9.8563226764587,10.1069917862443,10.3260856202726,10.3446279173697,10.1970494691784,10.1641255735768,10.1613488785779,10.2165693821895,10.0133514875721,10.1019040576866,10.1669491654344,10.3839017514935,10.2352617102693,10.0259484203514,10.1615157991047,10.1281948281922
220277_at,12.5342720793566,12.6059846388375,12.4600810687172,12.4299527437201,12.5108072444475,12.5923840498583,12.8040641237982,12.6917567342469,12.4634537171359,12.6029636984797,12.7015503423008,12.7592184706243,12.5472952355522,13.062567994787,12.664663207666,12.8499416333763,13.0971234824303,13.0724111349891,12.8913534509486,12.9593673538409,13.0039272413226,12.8407020590321,12.9682179035147,12.8942697483558,12.939764960824,13.0066236177998
221016_s_at,9.75227275973773,9.93622327745604,9.93590900773273,9.59082406366263,9.78428959148706,9.73738615979547,9.86012757749434,9.41710095356851,9.41934380181774,9.37230129958368,9.43443975508868,9.73104371637488,9.60078792592637,9.46628765575046,9.88770960146442,9.75525245658683,9.86235276727759,9.68631885647633,9.7502452523276,9.97169758936153,9.74653298939718,9.90527966039447,9.49628075759572,9.45993719122235,9.54148153784895,9.71930101674339
221113_s_at,10.6032468845249,10.5950248432771,10.7830142836942,10.8333046348672,10.7614802872879,10.7694213360567,10.5630004537107,10.7141007120508,10.7065706455635,10.6876297395034,10.7559655209386,10.7073951661437,10.6034746185216,10.5549849858863,10.3509909108986,10.6159153737415,10.5598820268124,10.7147463730763,10.763974262111,10.5915050093331,10.616385447452,10.511707784595,10.6291905402346,10.7101519384896,10.5852275961158,10.7142689317004
221245_s_at,10.2838215304348,10.395449330199,10.4342018801641,10.2315373747091,10.2893278626714,10.1923664310688,10.2662838134218,10.1910242281359,10.2139860207777,10.0684716871904,10.4144610721465,10.3835382332732,10.4299174709118,10.2170750305925,10.1995919404367,10.3036530009965,10.3963866638774,10.3681526033487,10.2250681627432,10.2557650304905,10.2237837311319,10.2615668653151,10.4452925641414,10.1596075887325,10.4652332555244,10.460251355774
221378_at,9.89836044707663,9.80736774858979,9.92501881130324,9.92298106401987,10.1004873386047,9.9867089229063,9.92457410809769,10.1815939364365,9.85693819922061,10.0491820017955,10.3222259237958,9.94837204675664,10.1035657206468,9.9065500945889,9.76631129240963,9.73654547482754,9.72683590093327,9.98577059451832,10.0443311755249,9.87559214178133,10.0324764087248,9.88948886643951,10.0703838081759,10.2253859934045,10.0471339930675,10.1655005055851
221428_s_at,11.3069346042001,11.2733371013713,11.3928002116874,11.3014387647429,10.8749909277982,11.1826421787095,11.2941757565896,11.4807134262056,11.5532227155338,11.4422843844406,11.5164911156451,11.0777829781918,11.5043641082827,11.4231594637017,11.3393874759604,11.0312295117255,11.014665460332,11.2723735911788,11.1412979398003,11.1351923068682,11.3296695251538,11.4416843351941,11.2623440041901,11.3203117442418,11.5695269265345,11.675896167684
221557_s_at,10.1427901270145,10.1561409815245,10.2034900097503,10.1077369832367,9.97976811370504,10.2072270953479,10.2352617102693,10.0671376606734,10.0105898941871,9.94766134216816,9.82797009574853,10.2374478999358,10.0455473475224,10.0689811662825,10.2072270953479,10.2501304451033,10.0281771290616,10.2218313346834,10.0053701128586,10.3171135897804,10.32580013574,9.84263364192387,10.0180703153934,9.91906237588044,9.95096715994237,10.2478683761885
221558_s_at,8.57394887418081,8.48234274900684,8.64496382528048,8.58079348512178,8.39961328321053,8.80129095370278,8.56815472666216,8.65584412691224,8.97819140066282,8.78330524849109,8.65730708240999,8.83470956434581,8.8711916606209,8.56553199041348,8.49218157410299,8.75518460523258,8.54530920171106,8.37166913534891,8.51414290731771,8.59112016143892,8.64837537133077,8.89451383223302,8.60524223001645,8.70198894929971,8.86592056093566,8.76616795724693
221608_at,11.5132618300088,11.578486058796,11.2956776245937,11.292542813567,11.2366941750016,11.4243758638059,11.6644420052467,11.5852184616945,11.518860612124,11.453263367956,11.5300650625757,11.620177623259,11.7931745079739,11.5562725384406,11.6147418794814,11.5226865568896,11.8895020990204,11.3467478357716,11.4725920255567,11.8741985102592,11.5042038563911,11.7270307955427,11.7054792903425,11.4642381437793,11.6809547634053,11.7586173093149
221609_s_at,10.6959928429729,10.9146987090873,11.1892440081823,10.5913460059532,10.8086168848758,10.7863402055451,10.8970621921792,10.875172473193,10.7559655209386,10.894701448113,10.7625446129708,10.9845283225497,10.9992665886827,10.8481120428455,10.9259019710456,10.7600457476042,10.9254400473874,10.7843874391165,10.9097695598027,10.8661923723126,10.7602249248422,10.8489243334759,10.9142181863061,10.8956740782061,10.8492224983579,10.986336801342
222015_at,12.1922627887318,12.2473995741104,12.0355806245749,12.017978159854,12.0422795741351,12.2352625807593,12.2507384366014,12.0196367305621,12.3121045353197,12.220222195262,12.2576795263304,12.3038036940256,12.2065112001522,12.2482700541981,12.3908542322799,12.2447982772623,12.3511064193694,12.2110200737095,12.3358461499529,12.2048497472725,12.4112924524586,12.2503354145141,12.3257948832153,12.2950855293699,12.3055214118636,12.1903724397825
222086_s_at,11.0671501153271,10.786026352115,10.7654799758061,10.7659697429209,10.6075431721483,10.6487131123986,10.8931760056935,10.8506040181035,10.8709441863991,10.7224202147484,10.7067408731625,10.8167696085987,10.9102735579055,11.0574520850322,11.0394560756261,10.8905005338968,10.7180827130774,10.9469786892492,10.5245635289278,10.8506040181035,10.8305641156624,10.7016480759931,10.6426481248504,10.6645645466406,10.7944424930487,10.9994592425799
222374_at,10.1329441027354,10.1392605504865,9.98970188410346,10.0291240811848,10.2823657519243,10.0254827183182,10.2684430783052,10.1025098237145,10.3056402412122,10.2614211587831,10.140048679067,10.1374742986234,10.0599656602617,10.1692264201039,9.84673375511112,10.1916646866808,10.3284541497977,9.98221836002246,10.3211954999141,10.0867905873375,10.1955011602327,10.179300845716,10.2455866315867,10.1381891348156,10.1592611007897,10.2823657519243
32540_at,11.4267038388691,11.3852253243932,11.2837134332636,11.1640588974932,11.3864819287713,11.4792970440377,11.4964470131194,11.1385512057983,11.2233650434218,11.3043731811782,11.1343450572288,11.7025802830005,11.5890686694238,11.3128759781413,11.4339506899485,11.591319596706,11.3954337395504,11.5947790046728,11.558540098261,11.6400973905579,11.771958613302,11.4177451227176,11.3975793493176,11.1698026740698,11.4088789892697,11.5768162452571
32541_at,8.51243046008067,8.45962101973121,8.50177852773512,8.54345262818324,8.58525373346158,8.63797006503581,8.4884535158114,8.65216462760163,8.71856591928732,8.74858293499604,8.72900628056854,8.53905778013843,8.46220978311995,8.62763815645166,8.61116231298389,8.55075512027064,8.4489445410202,8.54739577673006,8.58770927195083,8.51243046008067,8.61450713377544,8.73407002866742,8.86340921411306,8.85116909668259,8.79476584487826,8.47826839999977
34846_at,10.7295714849893,10.4905713405689,10.2169217195228,10.1988109475206,10.3914402518862,10.3206729358959,10.3280234955787,10.2151323002586,10.3471509616944,9.89613746042003,9.95096715994237,10.6732115894874,10.7866486288531,10.6242872912677,10.3274169329931,10.330530785534,10.2418533469859,10.3068204592822,10.3421322906723,10.6029606710089,10.539905992275,10.1201814404097,10.1411897109617,10.0115569084797,10.4950551536877,10.6080785525088
71933_at,11.4536598543442,11.2222263310357,11.1004234866708,10.7705413004038,11.1876823680645,10.973232569965,11.3581771702259,10.7471482518025,11.1794401630895,10.906377474985,10.9930729249635,11.1606994484521,11.2237557707779,11.1023532672529,11.544020566269,11.044468118857,11.1438829074027,11.228359361814,11.4564142364586,11.1477328318488,10.9021597068099,11.236912474591,10.840103158232,11.0090789258007,11.0256617915181,11.3040101014125
