,GSM240430,GSM240431,GSM240432,GSM240433,GSM240494,GSM240495,GSM240496,GSM240497,GSM240498,GSM240499,GSM239345,GSM239346,GSM239348,GSM239363,GSM239460,GSM239485,GSM239488,GSM239490,GSM239491,GSM239493,GSM239494,GSM239495,GSM239496,GSM239498,GSM239516,GSM239580,GSM240405,GSM240406,GSM240429
200059_s_at,11.9503027559034,11.7073586714006,11.9362376216184,11.6589013689539,12.3575062502215,11.8152221131913,11.8234384600466,11.645498495115,11.5494360036485,12.2141652450636,11.2162489427546,11.8083363124006,11.9744207300106,11.6239392026364,11.8532882623867,11.5059966029314,12.382015235756,11.5494360036485,11.5888902146096,11.8377178881202,11.7913435964898,11.4711506558125,11.8532882623867,11.8902271587025,11.8083363124006,11.8152221131913,11.7408912653053,11.7073586714006,11.5545007840707
201195_s_at,5.20358449134413,5.31038904446236,5.0050822998202,5.95717811788741,4.99338481571898,5.17888047563199,5.00072346526378,5.09321265679832,5.35829537489295,5.11810801998629,4.96104337048119,5.16646983440182,5.27350328558281,5.10129037893925,5.10904502227889,5.49023548318779,5.0413214738542,5.18421427836592,5.19182547661121,4.97592818878076,5.20856744540591,5.0557282827884,5.31287506832686,5.30727846570133,5.05028506475025,5.12106669549495,5.11275206339395,5.06504208852372,5.12513668371141
201244_s_at,7.92514682932893,7.99157205703856,7.86193674914867,8.12443564043341,7.72118608981556,7.77989244478516,7.61332956733329,7.47412256102666,7.7804679730898,7.83973093003377,7.80446162133115,7.92122699773182,8.77684802639771,8.15565005826944,8.65979566437281,8.64326228912836,8.51521901944935,8.4011041081642,8.05301087576443,7.74335168143308,8.34317504633848,8.35054431727428,7.97229190443873,8.59760672959955,8.50249298749026,7.92311276982994,8.41836828587407,8.6089394367971,7.72873530970474
201254_x_at,10.41729350053,10.711295502983,10.625448699257,10.8219252977138,11.2855621344487,10.8637394741466,10.41729350053,10.5131535168835,10.2703217300286,10.8295462136573,8.80488365190853,10.1163447919336,8.26251214835847,9.3536004441036,9.61185196779755,6.57125282344881,9.81437599955969,7.57626653990507,8.24140891791218,8.92667396865424,8.79774244616397,9.01836188885029,8.04924633742194,9.53515091305582,9.94304066599541,9.73161220875795,8.56010180282866,8.55113624210599,8.90493988184952
201435_s_at,7.21830073009169,7.06880651193684,6.47801232299143,7.48027036556161,7.12339591675277,6.55749175773639,7.09144887810636,6.83475591723375,7.2809308584931,6.66208284430566,7.31477165635409,6.94638191030907,8.17131842032696,7.52893704873909,9.5147248707818,8.49649426103779,7.96920972268989,7.52640272507188,10.3533321375836,7.95710893287081,9.39844288964132,8.14146008399662,8.26761175761803,7.46213668810218,7.45424769114117,8.17615253207768,9.08959840387958,9.56225401207068,8.5535049131703
201436_at,10.3837472138692,10.2765999754092,10.1845470279269,10.2180296689689,10.4437137723658,10.227624095526,10.1347538932138,9.81816680071152,10.3259324273848,10.1463584934437,8.48685063083556,8.34220618494354,8.06603039781799,9.36491088358546,8.46690316273949,7.4735735781024,9.0243031937847,8.25090738103289,8.46181071435284,8.12779836861899,8.24573982647664,8.48181360985899,8.13571384085498,8.43792475336168,8.65602333563628,8.33294052870481,8.36773351763165,8.67656267990995,9.03910142025043
201452_at,4.06998627962099,4.52777679170411,4.81814495624272,3.96709947520814,4.20981166433456,4.30366933540653,4.84494778363972,5.44471528804579,4.59656493758806,4.46661192031557,5.94040414374228,5.81172158725144,7.07669482254495,5.29816130102523,5.45694412225191,5.3556122593115,6.22602268447642,5.68105123385538,6.13655412874612,5.33020235426431,4.79650907785161,6.07368163192585,5.83534948537915,4.12283950588656,5.04513493846382,5.30192268476091,5.68587755536887,4.27542888896281,4.80278459330572
201908_at,4.63253990018974,4.35440442460461,4.68167033388342,4.39926058427302,4.65042832232498,4.71830190257717,4.62077918484703,5.03975069949342,4.78389021219364,4.74397578519805,4.70892258737987,5.7470976654375,5.76722652132913,4.93401193962263,5.27508086325592,4.97454420435945,5.29098152171132,5.13386454351721,5.40671910953102,4.80799052704326,4.72935627832827,4.88506841211392,4.5781340606354,4.79225833663124,5.3211360241216,4.54709868990873,5.90769436850434,4.39668138051271,4.65093153427241
201971_s_at,8.18169671942869,7.99021032270698,8.02224177005476,7.97065841289768,8.32444740770325,8.33003341201411,8.35137274317163,8.56746357126918,8.47429679806849,8.37598464945663,7.91842947591211,8.74390924568099,8.37741112652767,7.85027289787561,8.23918331235328,7.76623041609676,7.65718613946313,8.39397978101469,7.47527830950897,8.41567000577989,8.64011357397789,7.59759394802942,7.86225107298715,7.6686125117474,8.15800341290376,9.08727489110288,8.76676496183205,8.47336983604926,8.09681190418813
201972_at,10.3382835181618,10.5410480653768,10.5156778732265,10.7650160361902,10.4109757374589,10.1810836545082,10.8026518806074,10.1794875385131,10.3731354764905,9.62785707591484,8.25614303394805,8.92525999199206,9.80826574788823,10.4437137723658,11.2561128850315,6.11231976872819,10.5113204305391,9.92368507855496,9.30413810244768,8.70125253839842,8.81812576593429,5.85455517379029,10.7231752200569,9.19492658003551,9.0786359310702,6.48660546914303,6.83208255991083,6.46544279330411,6.27217066633598
202288_at,7.5595762442342,7.34938812598889,7.51581244531174,7.31455187731884,8.09722414585408,7.78781457066688,7.65718613946313,7.33946625501359,7.40399688043054,7.74118845019598,7.85693930221548,7.37783378753187,7.75081875624624,8.23449580856445,7.85728769712666,6.91710384527952,8.07573151003529,7.45073031178781,7.7571461425062,7.97772540351553,8.00339402350701,7.72873530970474,7.81724872044628,7.58646354446656,8.09253423417404,7.60632471148957,7.66124734422622,8.02663515387666,7.80592217074153
202299_s_at,8.61542606191651,8.87939812589577,8.70289172192637,9.07563023788765,8.71247730123142,7.95398884838739,8.29524484558602,7.54542223786614,6.95649418048722,8.18877872765615,6.5992183554007,8.82481862685034,6.60141161696633,7.27965867627948,6.18186488507502,7.64623978363255,6.97236143615285,7.15297935677403,6.79265882050262,6.96330376030005,7.16295912700548,6.71553235187548,7.59814647421271,7.54322152598481,7.56065250615943,7.5280516152428,6.33533681939536,6.96305263155539,6.12516331243141
202424_at,6.47232844337199,6.11525109934356,6.82373278732952,5.63702235488116,6.09193402500825,6.0704599249047,7.30515278142713,7.47575961890102,7.08174893065871,5.8621861705937,5.95813132550527,6.99267381002146,5.64109086748103,6.12798805267552,5.3435553647034,4.94635178112903,6.36476045854305,5.47555515994613,5.73887223051629,5.52825829795387,5.38189224934884,5.04958507659552,5.43096443476129,5.73446703527327,6.2007403861848,5.51032319051123,5.93377944654736,5.20547317296084,5.75295990493118
202670_at,5.70843285736405,5.70176159782989,5.73307864629775,5.2721117896378,5.52383274174821,5.63895877199031,5.75638308915531,5.88151366698503,5.7686937835203,5.7080677837732,5.60418390724392,5.48110019081725,5.52560555586433,5.64131828588345,5.27672058429356,5.56798519292366,5.43937536802953,5.67476578133892,5.39094483219678,5.54932488721149,5.57499646234088,5.55224141698265,5.66373912245363,5.36300202129656,5.46862698034167,5.74910501361797,6.58091989981312,5.73844993197045,6.01326224005492
202871_at,9.332602046747,9.06530475247409,9.25297052203173,8.90972796128617,8.75298456584901,8.96123437384448,9.37204100248603,9.33471158788946,9.33960302745051,8.79122839401346,9.46611082740753,8.99067873122166,8.91815971560317,9.25913839243955,9.1965345075458,9.57065494531725,9.63810787580645,8.92071126743032,9.12261277147339,9.13486511827199,8.96123437384448,9.6647895947895,9.0617334106303,8.91877156178127,9.0461700890819,9.01836188885029,9.31790382171515,8.28934954991077,9.15798135699258
203230_at,7.42374362196457,7.1973427265869,7.04407890462105,6.40396116265198,7.26122820321047,7.15439185155141,6.64932050150326,6.68264200024453,6.17739862892951,7.54934976111866,6.37659295431421,6.90344876770109,7.45202231588364,6.75013001686841,7.52339989880169,7.63275590549264,6.78402002451333,7.77546703698178,7.77125098726939,6.70425547021472,7.39378046726064,6.70285308680358,7.58218323164102,6.84093829007343,6.75036862970919,7.38893063006432,7.28724465745517,7.48700360598218,7.12928504878952
203246_s_at,6.31732987363371,6.37815118080527,6.87735151956902,5.7553750962006,6.75167416913781,6.38175055246978,6.55428442594824,6.5732330877417,5.62603114822519,6.76092012583116,6.38343721382942,7.77546703698178,8.14225209886532,7.75236083652835,8.33808949823759,8.31011076863753,8.55954302891703,7.95485843831647,8.30909951633504,7.75236083652835,7.64212098473535,7.47603787027561,7.80477722370156,6.70738546474511,6.72963375307,7.31562055402892,7.32023053146727,7.74625394520023,6.26570438661325
203289_s_at,8.6254224577373,8.54709533889478,9.00362604348851,8.62079592374091,8.52231378289884,8.90493988184952,8.96123437384448,9.1301262328824,8.89946787604422,8.73827094135129,8.1007366326314,9.47853617428012,8.15023354370198,8.95737174331013,9.41911315318566,7.9367910231873,9.09565649236769,7.15858640520139,8.23952691559233,8.07123605416665,7.94377647086498,7.72445901631483,8.85427064673349,8.60179037399274,9.00726738190433,8.73771250124638,8.62079592374091,8.02053630100051,8.23367250787217
203379_at,6.45661757210989,6.40585800008984,6.20945025718696,6.10272789028446,6.45071918792666,6.22647465145708,6.26290147132968,6.5748139876371,6.34454771675449,6.41654971633182,6.12184285599408,6.29918869349198,5.83629171511579,6.27645798495321,6.14264544723894,5.51141002037315,6.31172173442889,5.80658498440194,6.5659249415261,6.29939216205502,6.02950969319421,6.41415515491502,5.95330033084829,6.22749385048651,6.13165189523818,6.02142763847434,6.09992817298888,6.04562402232366,5.91643320499916
203626_s_at,6.79265882050262,6.72511304440872,6.44048273786165,7.35282024021703,6.48143966351024,6.7993792261816,6.8379393423583,6.62789493859577,6.77430078737322,6.88213445614154,6.61103130761665,6.47030150639154,8.63965902738292,6.36366949110115,7.42665726665436,6.96575427588513,6.37859448900175,6.87337564590626,7.16588188535233,7.22128890116893,8.55113624210599,7.69890112550252,7.25943571137637,6.64519849987386,6.45055169306698,7.27549348511045,7.518826103571,7.63840770200199,6.7876967987975
203705_s_at,5.64917394600652,5.61528196296093,5.63344790476463,4.6486674397569,5.88377254227797,5.55439602309356,5.46842423757514,5.39484797337643,4.90910128253974,5.65592308292347,5.59964625245835,6.09792796699273,5.9116918292377,5.50921965499515,5.50813844893642,5.3191248367751,5.7588526244893,5.81115128702501,5.88312660232136,5.64251403303386,5.76202490476908,6.02450381540974,5.7112686431719,5.61423247202438,5.58360972771996,5.82570796228398,6.08403269839546,5.75830246658128,5.60460527157905
203706_s_at,6.16342342729074,6.21525082243117,6.45684238188587,5.4354730985909,5.60051375251403,5.9441603187466,6.29568055581774,6.45719835453175,6.50515745375781,6.01085197026623,6.68389707902691,6.4195478512609,6.63998548764547,6.16493845472965,6.41558700975505,6.64425324798712,6.4019241596883,6.53653182136661,6.50551977378922,6.38919379590289,6.13619608597884,6.14184141106574,6.70005713937719,5.70843285736405,6.29909545705077,6.39785952296562,6.96815674944199,5.98396104424816,6.71000971899137
203777_s_at,8.33214246870985,8.55248671584086,8.14839982060338,8.19059999827558,8.44553655323335,8.40830231161999,8.39058649386497,8.20573912677522,8.37069643413707,8.32076062149697,8.21229600148253,7.7949246414241,8.1773248779145,7.59700276160586,7.69296023622907,8.44424807983164,7.19893884651921,7.86163461697472,7.83278761501286,7.6300845558697,7.82951832086772,8.34456217441868,7.83776865779572,7.53794228161834,7.4737321343058,8.06934232119993,8.6089394367971,7.84418807557754,8.56656221235386
203843_at,6.85354054630756,6.8700894469748,6.93722875972623,7.05903691300233,6.7643859298634,6.89886623276746,6.68812166729245,6.82167209084795,7.06110801947647,6.90768127918046,6.9532142639971,6.74274295747696,7.31179208351895,6.88795532037521,6.96286535130472,7.40399688043054,6.72291115157119,7.15232393761213,7.15297935677403,6.76794401838915,6.71344848436618,6.79585876672898,7.64947485591784,6.58730381259818,6.72896355488918,6.94744835277856,7.04210812178528,6.99594508570043,6.78441591284415
203987_at,9.3835930614656,9.2207263227648,8.91215624318433,9.33721964735432,9.55224011490185,9.32679552333898,9.02309950475763,9.08021077127122,9.35047691114901,9.44945639575104,7.92311276982994,8.52185986574438,8.028004032767,7.87890626517852,7.89539921269882,8.32306005149086,7.58092688057576,7.90744350827441,6.89443350508758,7.90235245415886,7.9621724196416,7.57400973766017,7.68637581511252,8.04999281455494,8.50639814560284,8.43558719022211,7.96387887610545,8.22009255357168,8.12602785466767
204009_s_at,6.16364018633216,6.40848925394841,6.71734006983871,6.08076354210843,6.21869637157147,6.44909984856506,6.66637050925631,6.93763392006543,6.53989502784765,6.14323413809547,6.93781577394296,6.91951701243406,6.7979699815494,6.58074789890446,6.46812049999667,7.44955583709379,5.82431916111579,6.87485808101615,6.27840788456678,6.21397804498918,6.46249950912032,6.67611821744939,6.14201394743611,6.2419037896354,6.43026538540949,6.72199367660907,7.45073031178781,5.92726680116371,7.24561866472859
204062_s_at,7.86460096300262,8.21229600148253,7.8461017435509,6.93924691142054,8.39319020644566,8.48269735291632,7.99291199906383,5.93320738764394,7.89960697474377,6.64540849990054,7.78368169464322,5.41248968948027,6.89286275746077,5.37502673735434,5.09852595285804,6.41116482421284,5.16679162767181,5.54436179547273,7.59759394802942,5.41788978174724,7.14498344108481,6.11717884632304,6.53275530058051,5.60225224081598,5.82467257935872,5.69097357800496,6.84957369271574,7.5914159144016,6.31083192273793
204292_x_at,4.13622874835565,4.05585186876809,4.32149071185157,3.9045151098562,4.22972834283391,4.09522670986574,4.22032763975573,4.24518058583021,4.17327126146446,4.09038881067576,4.17754076228582,4.21393096087961,5.60500545443425,4.34258557671179,4.33886664537618,4.11919138218994,4.19723779795513,4.48782534546494,4.59097784383528,4.17958096202051,4.35067471057542,4.08141229656388,5.08948656677348,4.43345024357355,4.07343282463353,4.25936835763616,4.42158571555886,4.22623479788988,4.25440426753637
204369_at,7.71755362869263,7.68709196217521,7.45050998426324,7.72596604385839,7.34700261696426,7.53129648912254,7.33667739578547,7.14671271324145,7.54245323843209,7.54806362684728,6.92752142587498,7.16741108625487,7.51581244531174,7.11337498351184,7.46262964274985,8.17001591097248,7.08634156375417,7.23365472751304,7.42665726665436,7.00852311568943,7.12993742430522,7.1393809110191,7.6280570583695,7.38966224363441,7.28724465745517,7.24489330351855,7.2597852688142,7.7256878324198,7.34042987351394
204452_s_at,4.96268936616607,5.01205480822623,4.84885515084175,5.21846134106009,4.86570691777056,4.81019201219049,4.53287515420272,4.86666634816786,4.76195104482133,4.88985280039408,4.57226567861124,5.01770796574828,5.2652398572601,4.49229599342456,4.88360730222521,5.59321415682948,4.45845307783109,5.27457900141011,4.77326923721537,5.04076992844884,5.18358395896742,4.83756531072808,5.13408179476684,4.90476176562628,4.68653437309573,5.11902843547271,4.67120142224383,5.47281308706028,4.84864630675523
204906_at,8.01141889615447,7.72064040008618,8.31815918814904,7.38842040219548,8.20923656377023,8.08755648264657,8.13324052024648,7.86126873279725,7.18403383221504,8.08885351812849,7.91639838847291,8.27923159373976,7.32382650059048,8.04357269826024,7.18216788383417,7.14277374619349,8.18089623689544,8.02462179538133,7.60437468574984,8.02359265869304,8.0237649137438,7.64787443409767,7.93499706158288,7.58044395042408,7.9353032623204,8.27617976840088,7.71667818095311,7.7341846564849,7.10647630729241
205223_at,10.8768513557678,10.4875426840688,10.6845400638463,10.5824149900323,11.1263706773556,10.7518281079572,10.5824149900323,10.5042254129241,10.79954178077,10.6697518624337,9.13801830452357,9.06100533082724,8.49700504588529,8.96276447178151,8.5827153453906,8.87939812589577,8.14876427799494,8.56611225735657,7.77989244478516,8.13012569683547,8.12779836861899,7.83518259125593,7.83668410150188,8.95855629173703,9.56467562989292,8.44424807983164,9.37272954879911,8.87773202114025,9.91613595946774
205540_s_at,3.95131709015671,3.86800720623479,3.8706358000798,3.62181639903054,3.97309106157297,4.09658827999526,3.93141823640235,4.00095014564675,4.31406807429093,3.98644443180307,6.14487889751328,4.09375055374933,4.61933417292461,4.12627558202835,4.36340240071743,4.33564549789834,4.10230719505032,5.36899087752604,4.67391074258689,4.23362448045953,4.80974698524035,4.37269077590564,6.76148416632894,4.5450567342,4.46988791213279,4.86598924174144,5.03737115325339,4.01535603471322,4.7331868177004
205990_s_at,8.12443564043341,8.54454673894433,8.86856660581741,7.16254903859535,7.66205647420383,7.32512272504052,7.96674007225493,7.41176047244688,7.87520263333574,7.28115990169622,9.34543836616331,8.73421954122966,9.39844288964132,9.00795142908067,8.69926553953567,8.21306269922808,8.21779061006231,6.82519753954082,7.75655632819689,9.3536004441036,9.08148818399022,7.89447452076181,9.38773680468146,8.47675351448172,8.49194054120225,9.06530475247409,8.32655716257868,8.8023684483816,8.47941435450833
206270_at,7.89994331520588,8.2000505018335,8.14458277880214,7.5672212610895,8.12974980423003,7.2387932919136,8.6405792837092,8.7268424591572,8.02762334162254,7.68219001998921,6.38432384045559,7.38915146655597,6.93742900416994,7.23345013996188,6.89156708074692,7.74942857481666,7.32285581775098,7.67695736988289,7.04652252507175,6.8769731672832,6.75440974704547,7.26397727964481,7.28252961901473,7.09553791385503,7.03047196566148,6.14220832115246,7.28226405842295,6.48158686588805,7.05967387898724
206458_s_at,5.98530440980812,6.01595347921848,6.06594885101192,5.57101878719103,5.98812106028779,5.93347375178683,6.56702708369147,6.61377373608585,6.15931635672105,5.89940523303746,6.20730276431027,6.18320468403373,5.10517241743522,5.87215466132274,5.64749731338218,5.4265877154714,6.14549355849613,6.58592545814163,5.48184452600832,5.55009837247645,5.83385692063394,5.81675894875898,5.68471335522483,6.09792796699273,6.33843857206235,5.53775587437515,6.35156971131725,5.61308259668197,5.21236139743682
206737_at,5.70515176626714,5.26894465249347,5.99840054895891,4.39525006260905,4.81722945864627,4.93848533050313,5.50509057435712,5.74793215066079,5.58842858811431,5.15318705335145,5.72503322731955,6.11560713345368,6.38641904541097,6.29060277476179,5.98678950643166,5.35934168702229,5.20547317296084,5.57636972797745,5.81627908732681,6.00156288334402,5.70706650916761,6.61610237097079,6.26305781252618,5.28280733873259,5.4542807948774,5.62242966964232,6.14362499461271,5.63355985346744,5.97879331077733
206923_at,6.85199502346778,6.84468013160487,6.41397140747169,7.56118028309724,6.31999548302118,6.73680272086822,6.5340860368026,6.53520010845034,6.78965529132784,6.54163795107052,6.41804346974589,6.56774500055055,6.77287271075591,6.77602641890429,6.73076036353494,6.89655685494238,6.80317020248606,6.93822328611292,7.107113990042,6.30812395610213,6.80555596639801,6.88131439257513,6.73560078647596,6.91313647057213,6.64897060402035,7.06579511579941,6.82462772742905,6.81559388576545,6.74450301729383
207113_s_at,7.47077926593727,7.2851776442064,7.52339989880169,6.89247707948001,7.56172996244728,7.29545054357923,7.49797526957936,7.30803822902997,6.97603032661557,7.53816646179376,7.0449280000955,7.28067183124212,6.94362188370955,6.11664897624076,8.05334120779679,4.97387527690308,6.72571566439465,7.5593073540648,8.11966628477842,6.57878643241159,6.64186059555934,6.01805900773914,6.79129816270614,5.76425172735919,6.2142814665396,6.69097684359773,7.32585357235491,7.12097737667072,7.35856038521309
207163_s_at,5.10361908387673,4.99642831982993,4.98979301209212,4.5246855757554,4.7086866786825,4.68036662162561,4.90950892210876,6.17495660532018,5.31080768192931,4.90141647556624,5.10796354436916,5.71012269004928,4.86542159551204,4.4259781594281,4.58865070627438,4.14776955288258,4.5543589514361,4.5365378567928,4.8129812622807,4.62077918484703,4.54987585833092,4.44727099077133,4.54307291199866,4.73371094113947,5.52358038622358,4.57839499588778,5.85643865994321,4.55594180098154,4.7995090834846
207639_at,4.72294683626613,4.94729090900475,5.14065649293583,4.48782534546494,4.84548801773805,4.93066165086168,4.96148723653843,4.9307850736367,5.10195987532318,5.0186301370878,4.82996693121156,4.90526024703335,4.83321345924642,4.85768295982122,4.74917381833149,4.58945708114815,5.06316416929105,4.6038849035232,4.82862982069611,4.94309442292805,4.81649865975506,4.63199090857873,5.00711823384263,4.9926285633328,4.86298501771565,4.79574282546743,5.10468978720005,4.85057900518527,4.89650514819525
207707_s_at,4.85740921173036,5.3519219215219,5.44258308475578,4.43171763131589,5.61195269424105,5.2314770037589,5.40934479998225,5.52225302955173,5.40426974400409,5.41991452871357,4.93531008493786,5.34821809634423,4.7867928290183,5.08533573201428,5.6905737812372,4.43558691455327,4.91323795022825,5.54642690904656,5.1602662483624,5.3326376330703,5.13325948767952,4.86812149130244,4.75335523378175,4.69356652420068,5.00302855730568,5.11516333824131,4.86126162305023,5.91316610213855,5.99179086204276
207709_at,7.30162489986392,7.4636858441955,7.43754024272153,7.52512921395902,7.4173405986028,7.51401762490532,7.57541500707103,7.31879117490499,7.4335192119035,7.67125959532131,7.10471945199658,7.09802537214602,7.33510173795664,7.61581300585576,7.01895126566376,7.3023308262125,7.22082954272683,7.33922291658627,7.12908052497012,7.04652252507175,7.18973735352725,7.32837984273667,7.55021007629995,7.43876539205616,7.41950461507179,7.30562707679439,7.33744256577898,7.50680904197965,7.44708822060664
207851_s_at,5.39849132601908,5.03601188527205,4.99027432889164,5.55971227218863,4.96842495752403,5.06390822931479,4.9909547847319,5.0104176111841,4.9233737154152,4.97249273899308,5.03879962290691,4.92414968880089,5.09926779095227,4.86919273247275,4.87643921557495,5.50486451348681,4.95952692042729,5.11810801998629,5.01415703852364,4.95303904774756,5.10992004573823,5.06080027647866,5.24085295559627,5.03601188527205,4.86767489635015,5.04688905997167,4.97715843142926,5.21966496867631,4.97645356590346
207957_s_at,4.77655736090674,4.78042032579581,4.75603380729383,4.88854831499069,5.21436839224552,4.9632278680465,4.71367396711771,4.78628419023908,4.73242184175557,4.82556988753584,5.00972168334432,5.47837028175314,5.22288445893719,5.22518631324738,5.05072000059256,5.33517824246068,4.914729061,6.41825823323563,5.12490817794004,5.36656510115608,4.99720584564348,5.42637282679609,5.21425589882352,5.04443267213253,4.95204418607924,4.9154003265797,5.40292310192739,5.39872767951281,5.37465415978097
208351_s_at,6.95060587900934,6.95199608728029,6.73560078647596,7.58193949463359,7.34310957960117,7.26698230174611,6.82072562097394,6.85500919344522,7.17589053352498,6.99187484893527,7.09960807659327,6.98618022944952,7.17469590105404,7.2726584374073,7.42885575490581,6.96369157439984,7.33691735677554,7.26740793336586,7.3663428724603,7.04806594315132,7.17489934342378,7.38645951126645,7.26788234591222,7.32256480550983,7.32382650059048,6.99030101645986,6.8769731672832,7.24087367027162,6.81043547548562
208570_at,6.23887948871664,6.2310785330277,6.4519736281713,6.41325169372585,7.25261481326939,6.69037481553523,6.50642006062442,6.29811941359621,6.51060532856837,6.44573994722709,6.95060587900934,6.4481636864317,6.41239818711557,6.72473393815418,6.92473359070106,6.235735025625,6.82462772742905,6.22749385048651,6.44541152255938,6.64259420104651,6.51173139066503,7.05452963668891,6.37187945045374,6.83572965085481,7.00918232379849,6.47360545627236,6.23208599615608,6.65399766507922,6.51094302968212
208606_s_at,4.4890354890697,4.35621261416758,4.39610297911248,4.30277854476392,4.80067394385029,4.50503350302629,4.3922482710294,4.30881327967834,4.32621674653156,4.4762239066678,4.49792273505992,4.58622275984694,4.28406653223782,4.56090853949837,4.63089220219697,4.38906541546235,4.63172811388969,4.21364495077426,4.31120586038597,4.32220718063473,4.46368706590149,4.71125077975281,4.42015167732268,4.5740086549843,4.72708424018042,4.42650841180968,4.37649156413679,4.50696807617223,4.60873828356251
208898_at,4.19558240616813,4.09658827999526,4.07343282463353,4.07343282463353,4.05116689016602,4.17277994236932,4.20832844942893,4.22395918340927,3.9203066312224,4.21263554467092,4.24055104645434,4.33350781751847,4.21592244846197,4.098595345334,4.3328471505198,4.01458946446851,4.23499237737004,4.15469982069227,4.24415969136209,4.22860029514031,4.05277652486207,3.95618892411547,4.27976060575564,4.20642571067911,4.03804966334911,4.07092363170609,4.94556335328281,4.13447411249487,4.33929321276965
208899_x_at,7.74215856029322,7.81935641806387,7.47999373863385,8.88960135741629,8.12378354651981,8.01548827899231,7.39293905062608,7.28592860241297,7.60041097075265,7.77350157080797,7.93432862900666,7.32653126074107,7.9121933407658,7.90107461388056,8.27543374480898,8.05670546002633,7.89846799075026,7.36358828328403,7.74352977989334,7.38281244022674,8.00464197922675,8.19342345752897,7.68709196217521,8.27543374480898,7.88772338783991,7.63344096902217,7.15471040805562,8.14385814827085,7.60574763451128
209134_s_at,6.25732233590369,6.0696763969648,6.01285632833215,6.51227392656607,6.26934836887837,6.12337573875216,6.04744027554204,5.98646537461049,6.22915523705122,6.11717884632304,5.76260352790091,6.12337573875216,6.12295369373055,6.15578498584424,6.21183083463082,6.16493845472965,5.99136221027026,6.07538822383799,6.12018401348729,6.15690546201309,6.04629691788,5.91024700300385,5.91531925318924,6.22281602092278,5.79991934301716,6.17089282014864,6.02263573885628,6.20344559051817,6.01326224005492
209333_at,4.73474796208157,4.57150247691243,4.61239299106613,4.71909848989241,4.78725096137327,4.72799346053269,4.62465419011294,4.6520926928731,4.59944092085091,4.77350167085875,4.59511519768807,4.59401396309631,4.60928682494952,4.53080893072393,4.69047999949922,4.69459800530761,4.56120023785075,4.59944092085091,4.66272750857763,4.61264339295747,4.65262265692112,4.72773385619613,4.54961945756159,4.83601331403196,4.59772307155587,4.65042832232498,4.69534971660851,4.7331868177004,4.63403804514272
209342_s_at,5.81172158725144,5.44015284278175,5.43275754026425,5.74091325097601,5.53733540298876,5.57101878719103,5.30158816184859,5.55426876965902,5.58932528440277,5.45039003815114,5.28419012219763,5.58119358371249,5.42806800726939,5.41332368612358,5.64273178336904,5.76706941293446,5.60520130719462,5.68144545650822,5.52598114021216,5.32000708230282,5.69274402262813,5.61266931402335,5.48128616604626,5.74397573955065,5.51320776449436,5.40220719284796,5.2652398572601,5.68450258516638,5.45605681150555
209390_at,6.80027017534077,6.91546015608353,6.59836217725275,7.25368590058278,7.23628756386928,6.76033516826795,6.65178438294375,6.62167705191782,6.83829466145192,6.77058600636288,6.95561407101576,6.62529825577396,7.37628544882202,6.68053828870633,6.92637845185265,6.61653085485131,6.98639234117275,6.56515630516861,6.86238704992635,6.67473010429079,6.62077694485449,6.74018390667737,6.40754463075056,6.73751923652484,6.49707630545627,6.53334224706891,6.51841401471592,6.76456328542177,6.58419002405449
209393_s_at,7.2613570752645,7.44152861275302,7.47575961890102,6.93077629878818,7.236714695199,7.53794228161834,7.35738943615512,7.74306021405729,7.57452892719135,7.55197196851098,6.93240792077301,7.63988443345457,7.23324053645509,7.88321376611858,7.04369988380312,6.84114041932503,7.34042987351394,7.77571342625023,7.13058829380554,7.324257409894,7.09647133062141,7.3548752972026,7.28327157189939,7.13140540913926,7.3927053348682,7.57241654635749,7.68459886070028,7.55168287676781,7.73659479536088
209528_s_at,6.4232444307979,6.35246665106075,6.50590377099922,6.12869776057703,6.79604176967385,6.72412935779918,6.97688424253217,6.6520037655649,7.17517946927829,6.37870146473694,6.86522183442488,6.09749515529011,6.2961004701772,6.68071296989601,6.62077694485449,5.62449398460241,6.63439953905031,5.69882068981097,6.75036862970919,6.40848925394841,6.02450381540974,5.68000588995715,6.32372626097639,6.165961786061,6.52300173984867,6.57898575892809,6.45088242072551,6.31470795450404,5.87144935396221
209542_x_at,6.14714298190904,6.22396422582558,6.08057008133226,6.00427797869598,5.91980196528024,5.98117312132429,5.79394226002563,5.92250699510692,6.30389679275882,6.15801727573226,5.9752539585773,6.00508073474639,6.13309742645832,6.06305166859552,6.13783895044114,6.30127015028221,5.45405988865876,6.11977921930436,6.26811113187427,5.63954594724696,6.25213063163576,6.00037847011371,6.28890930007975,6.40504243491242,6.02064131775484,6.27232956685142,6.10249462127055,6.50411334562103,5.97621242163466
209666_s_at,6.71568206377472,6.80518379346575,6.45771420689529,6.79304223065108,7.01593672712037,6.62272961010588,6.77563136300672,7.03149208549872,6.63539252689791,7.00510398089865,6.90711256693117,6.61393794027239,6.10663567490749,9.16842325954185,7.90582139239067,7.87204706307408,7.83386573346503,6.00558951197783,6.95585658922864,6.69775052193058,7.49972287614702,6.7964336982307,6.51823187899302,7.9121933407658,7.4926197412065,6.45999993492201,6.54986337924023,7.56378772940197,6.71745004843934
209672_s_at,8.80034954598118,8.71760925450112,8.32833663505218,8.64765273168791,8.62079592374091,8.68656344609764,8.58229755099947,8.11670131327011,8.84373825686925,8.75013920401439,8.01793140363989,8.07971806854173,8.58729502612706,8.253281933038,8.4192402978193,8.17501998079377,8.20687340837468,8.9193992899449,8.35911991695402,8.4391881750995,8.97389928677501,8.32255431190186,7.81297155593162,8.69437679571053,8.47382166259113,8.81033788206518,8.58729502612706,8.64920935329846,7.81421263403741
209685_s_at,5.17257255381885,4.86621389978525,5.04642197779244,5.07096677316068,5.17865357326487,5.05028506475025,5.1723624312727,4.91298519973212,5.22100207060478,5.12963366848331,5.26873306138768,5.09109871160182,5.27235364931942,5.23026426947808,5.25066062412857,4.91251072705993,5.21690788549609,5.2027708192169,5.21290155179514,5.30001691779408,5.21480254273914,5.61077810348395,5.15392154354982,5.46693116790537,5.0795403688605,5.15187296234541,5.01283942564348,5.22518631324738,5.1105823006513
209799_at,6.59895253616791,6.65126744953914,6.28987863079525,7.88201458269267,6.63262716637621,6.44012454048954,6.09039812198271,6.11579803769822,6.41397140747169,6.36209773014447,6.21331454680903,6.14903781769856,6.6359148315884,6.42542681474301,6.50515745375781,6.63558854311358,6.32235110289929,6.3070587265393,6.32985674187842,6.07877319414614,6.35034552984201,6.57359135369297,6.31714963290453,6.48901425031136,6.35129307989029,6.52969361825445,6.14415952395341,6.44340557184662,6.00427797869598
209945_s_at,10.0368857930541,9.70057058443515,10.0514309017129,9.80994416318685,10.6018695466078,10.1328880484615,9.29735038540267,9.41286260503295,9.806218605666,10.0873314465936,8.74454965993557,9.64694054366051,8.01626401578141,7.79066196369819,7.41150821539703,7.76968552224555,7.91945132205282,8.22069011632456,7.47745896238456,8.09285861600697,7.9631567006258,7.64212098473535,7.97806668228476,8.0361382276639,9.13243507751724,9.27877453179476,8.33884748070528,8.66305510713149,9.39238240519664
210220_at,9.16111198330776,9.18252250338442,9.17442065456586,9.48054619208695,9.14786656412547,9.22913308333931,9.11100999480496,9.19732561407564,9.12935405410646,9.20398918781672,9.21025330685167,9.53402881414564,9.73048233761753,9.47303273778505,9.52467133742763,9.88408478965883,9.37364398870555,9.78205414358906,9.34162366666207,9.43932029722786,9.66122199030732,9.30317454304672,9.54075964625067,9.27877453179476,9.4577630345296,9.41492240561508,9.71989030332582,9.90092620359271,9.53975845229938
210248_at,4.13181484709761,4.22658182890637,4.26748818401658,4.4142081247953,4.54182518333959,4.27509040362794,4.18662329532549,4.17277994236932,4.23432250751278,4.23861935862782,4.15469982069227,4.21783706634333,4.08422205575004,4.35858384687633,4.54082715204326,4.21299480519441,4.3043099004613,4.16468290464856,4.23328216020187,4.34518600043991,4.37109223296963,4.19660595754131,4.5543589514361,4.70149066482369,4.235334546691,4.26057450686426,4.36402305076682,4.4816388195853,4.16962347779094
210567_s_at,6.59853472434121,6.78231022591644,7.33972910344805,5.7222016922573,6.52522782853513,6.74387480557262,7.05336635367547,7.41620834982081,7.11992587410289,6.65476904245546,6.74990378538228,7.24663748898304,7.37391898948068,7.89646661269857,7.07388485787266,5.47612001563792,7.35856038521309,6.69337317928583,7.17166234799073,7.42642835705956,6.80815589609252,7.44427557325054,7.73479136243699,7.21898171450003,7.842052169904,6.32016106938517,7.1312043082588,7.4568859024008,8.68278859734989
210672_s_at,8.60729318480004,9.0986772315685,8.93881220669688,8.10685979972386,8.71697815463967,8.7405906638349,9.02971458657705,9.45373951328565,8.86488008319495,8.78401654676895,8.56010180282866,7.83609995818419,7.54542223786614,8.31863449242367,7.78988530997681,8.21812724613441,8.15645370506842,7.77093699785595,8.01511983392485,8.48222515956359,8.13423484194153,7.03821248505119,9.39543330148546,8.95988332880356,8.49505409248775,7.68279179485377,8.45644555869043,8.09932120273973,9.57708817649861
211027_s_at,9.39543330148546,8.79894137583114,9.0986772315685,8.98728850719648,9.59501588297622,9.00659315424161,9.09725955060209,9.0106300210399,8.62383561128232,9.14053552530258,7.66154285320042,8.80099343357144,7.11680961085772,8.21742609765547,6.8270068222874,7.47051919705853,8.28147900313977,7.54487948172349,7.46919805232216,7.96451417352144,7.5595762442342,7.236714695199,6.61938638848351,7.73082214168578,7.81787127227758,8.55765282221763,7.94197812704839,7.98075521796683,7.70980182153112
211230_s_at,4.69809897556765,4.81893669479221,4.3936784946329,5.61890299715634,4.22032763975573,4.64734841736747,4.45902599693603,4.455659992013,4.79807307413867,4.86270867389871,4.77190464109381,4.6232152919107,4.84494778363972,4.73988158083003,4.46768927484947,5.61819475987723,4.56145485307826,4.86812149130244,4.81982007060873,4.70092021798948,4.72393996784809,4.75430601442855,4.73677830010946,4.4008815222146,4.32499847959651,4.61545935486706,4.71830190257717,4.85872155207607,4.41062900006389
211453_s_at,5.25247890037621,5.03266981229812,4.76954965427386,5.75012876118864,4.69148617412972,5.33673179973364,4.97694106873326,5.01483899074545,5.20479062349007,5.07551327604265,4.98389028147535,4.95741904666614,5.32213796366849,4.98721550520184,5.28971207985757,5.39964565335756,4.84957259952451,5.02482084902246,5.09830394535102,5.03017014390812,4.97670434590724,5.03750079414156,4.86270867389871,4.85943316657712,4.79278443119772,5.01257903127308,4.87195037078765,4.92363731293602,4.98619340921327
211577_s_at,9.2618101229714,9.37204100248603,9.21025330685167,9.56225401207068,9.26965938308479,9.39038013841938,9.19330358087328,9.33721964735432,9.14633379776209,9.35047691114901,9.06607595981134,9.3069245104488,8.38027485438031,9.18317818367704,8.85186037730347,9.01717300641485,8.6094571085674,8.54658930036375,8.49957738527017,8.78783662863937,8.46821701613384,8.77893176151696,8.57404474404949,9.3084305103544,9.37979035797628,8.66153740123094,8.98521198993946,9.02029384502189,8.78732429870269
211578_s_at,9.80994416318685,10.0208921194281,10.255414332404,9.68275900364145,9.870762027708,9.81121717121022,10.0242603188549,9.80470089993799,9.6951745691153,10.3115302190944,9.57912717262804,9.94437003050356,10.1779322430523,9.84609778368276,10.4655404276519,10.8707588754215,9.87404705555133,10.1779322430523,10.3046644115667,10.1020896552609,10.1090275035112,10.0873314465936,10.9023564809734,10.0835073804233,9.94631579107383,9.51121666631349,10.0594734587611,10.0337631480421,9.83926099872277
211580_s_at,7.73066671110834,7.6745264944223,7.7196651267635,7.41176047244688,7.65007450559062,7.59338298744659,8.07006419720485,8.47095966526549,8.04968157599908,7.63609900669669,7.19423200999991,8.35368667493779,7.44195648592301,7.58218323164102,6.15143841216859,7.24137083352214,6.81524433677204,7.22327675139861,6.39454962661847,7.46524337017581,7.77230231210015,7.18828219131195,6.8956990657742,6.69242597321148,7.9423335457551,7.46417005034987,8.11190889218525,7.77659017283534,7.36466253898847
211711_s_at,8.39151578027112,8.25249071495883,8.00339402350701,8.8388592989485,8.27508426467276,8.27508426467276,8.07315251213406,7.87601777882624,8.38214074931432,8.01470058729654,7.32097030571282,6.816726146257,7.42719773134882,7.66676054403776,7.62695370636505,6.99574827616971,7.55077336080804,6.94638191030907,7.39717664422033,7.43584020234564,7.75655632819689,7.39293905062608,7.25011935115465,7.39923718147525,7.38987259624229,7.57735692747282,7.2884442215799,7.77546703698178,7.85118108194427
211724_x_at,8.54658930036375,8.61660080200855,9.02231568242389,8.19933228280309,8.33085653834249,8.49909133154878,8.76898672089836,8.93244103322511,8.85127278997488,8.18618371335516,9.20642518806766,8.62276131421832,7.07910029457534,8.01141889615447,7.22445561347623,7.7547371001607,7.2692839073207,8.06212177351027,7.21874241008282,7.9922325546324,7.53744691515728,8.02916715105206,7.75776211531839,7.63519625390669,8.30418415706273,8.0136696704881,8.47675351448172,7.46524337017581,9.67189553397229
212046_x_at,7.48414773437861,7.5593073540648,7.48340399969337,6.61248423005937,7.30445366274845,7.42027445367054,7.43327411191238,7.27741340337223,7.65739866748864,7.09516453455923,7.65459674232054,7.13384883777056,6.97433279626595,7.2043165133241,7.07457846519455,7.09251287998366,7.25709720767398,7.04766568646801,6.92774170010827,7.13315791070819,7.04892766940409,6.89850079574256,7.13384883777056,7.12491616680108,7.27811827640718,7.37007699369672,7.42833845880441,7.33946625501359,8.0198504764441
212249_at,7.71334153585959,7.80306413136871,8.18377064866788,7.71031311217693,7.21830073009169,7.23608993120285,7.81814292283104,8.30949860839462,8.12039887273528,7.62548001790826,7.88138554469101,8.68545503983264,7.60632471148957,8.7268424591572,8.05416718433857,7.93823281130215,8.34097444404942,7.51016791024224,8.00599127507617,7.44908215302041,7.60719781156858,7.4636858441955,7.95783580242311,8.09793523959686,8.43656719696372,7.34019600295299,8.34764879107003,6.98149161339918,7.13866235400308
212271_at,6.0906389868898,6.06835588848976,6.40375752410962,6.02711634399971,6.56445765846409,6.48584160201649,6.2804784508038,6.5970400757891,6.26507916299924,6.05358540801949,7.8658434619219,7.18746039252017,6.04923197731222,5.65219116862149,5.5431031832487,6.42542681474301,5.97368989900283,7.65770036287067,7.19329455700501,8.14616175280311,7.67990581595997,8.60227842558069,6.73733942448315,6.44397277412707,6.42489617912688,9.74321470985852,9.01531508690757,7.90824477421244,7.15362385915256
212607_at,4.68375863095231,4.60614027785361,4.37016554287825,4.96590307728114,4.50414206288227,4.89142618736588,4.54726485257408,4.50991670515205,4.43558691455327,5.00711823384263,4.69679086385593,4.71425051342099,4.75914145718841,4.3473341408039,4.80550025360314,5.36704401496087,4.65845970859128,5.1259903160971,4.68732579660347,4.94705592878814,4.85963277162403,4.64888290275987,4.80354016460255,4.53522757661591,4.59075667426813,5.05028506475025,5.15187296234541,5.02035739632835,4.54593055272928
212688_at,6.66551502113229,6.60504752145856,6.47288102664311,6.41357521539098,6.14168199337025,6.62440498049107,6.46215243045709,6.57411428844962,6.82642882491704,6.60488041247047,6.79624278828873,6.49396707014785,6.79398266648273,6.62167705191782,6.78299738550882,7.002535153883,6.33720237514281,6.8698902663007,6.46360787885784,6.56850367463152,6.58026263324347,6.8201760376806,6.76280345468878,7.01482574905676,6.53503310830587,7.17876452995709,6.87928313313026,6.82833570954948,7.62120222524183
212780_at,4.58182190845237,4.60470131281365,4.55997001749038,4.71342166204723,4.90209332399429,4.60024036436564,4.72871638579107,4.59718902353461,4.58770611935443,4.6870643318308,4.69883246126629,4.6480947807989,4.88325762234132,4.84424667507182,4.78439300991214,5.24549706928677,4.86011736339045,4.71690777983666,4.70815803323436,4.69407400837038,4.7920047580239,4.69208896286321,5.21253865326493,4.8241066078545,4.68140982467619,4.96242531487882,4.7903342605773,4.71276008094713,4.82996693121156
212912_at,5.46948394036046,6.02711634399971,5.78147880910504,4.86542159551204,5.567289598086,5.34399324976591,6.18082761864937,6.56056554575043,6.01517710761451,5.45542679479216,5.48167150438104,5.82394857339712,5.49365480775759,5.69166662892089,5.35528797292196,4.98100053575884,5.55547801697427,5.09947809408153,5.72773360400472,5.61844717252854,5.16070789186859,5.60647261321931,5.60965626727882,4.98956228214264,5.60339375086168,4.9590524299358,5.69210006805044,5.15883740576814,5.47445447951907
212983_at,5.24813337762222,5.48702778499726,5.32283720400034,4.93020990574663,4.92681029764874,4.92708111226005,5.18025431412635,5.56650711954927,5.19707901004126,4.90803520506559,4.95798947245731,5.48018524940291,7.06841730725372,5.75701946338949,5.56097624938947,6.32931510319711,6.11664897624076,6.09324075117082,6.93496029549899,5.13555534529047,4.88875310660517,6.21945452516762,6.94124120422988,5.17648732306478,4.45509132902744,5.14764878791803,5.36812822660722,5.33615708182577,4.74370547523606
213404_s_at,7.49656896443023,7.28775267732846,7.31920773697212,6.44340557184662,7.11705068609032,6.75036862970919,7.22204411271967,7.39293905062608,7.4014082689859,7.3599801136966,6.47997917659327,6.95892239213215,7.47745896238456,7.29100102414686,6.59226931436068,8.08485099850626,6.84665681586681,6.84895665181457,6.68576142190022,7.17329641970136,7.47549149941563,6.7429428146589,8.16928339477795,6.71434104659789,7.02206665487128,6.6199852646217,6.27074495966363,6.51864962709198,6.12719767839602
213409_s_at,5.31851797551674,5.65574398799587,5.56775002979826,5.66738331943104,5.0324204316077,5.46360548021149,5.18713036972275,5.49211526211305,5.84192674952823,5.25453723659726,5.16958922089199,7.22060142941374,5.87479247912407,4.97899059664189,4.9119860745626,5.79212778878088,5.06222263460783,5.25161880042167,5.2096444695808,4.91024369131676,5.01415703852364,4.88232733205494,4.96104337048119,4.84957259952451,5.12513668371141,4.78066812348476,4.73043941057001,6.06991362477073,6.36684839919469
213425_at,6.4619705729299,6.44240370490014,6.01256633005502,6.1937909889805,6.46888759113139,6.42341741723683,6.38573621801985,6.18320468403373,6.34818675843855,6.44257697145379,6.26418372481412,6.57428748808514,6.62344065146189,6.32650030608124,6.27429121191245,6.39715207870022,6.4949285216815,6.45866095608919,6.31594628603982,6.5721626563702,6.29691300822389,6.38191550774169,6.39317113331692,6.39566608038343,6.12849472344327,6.20352615856651,6.18727537630077,6.2181626336997,6.20524538217271
213490_s_at,8.00531025571325,7.97869976732512,8.11899387764033,6.40866030620422,8.18682905987381,7.71576868051909,8.26587072386108,8.33214246870985,8.17216110584023,7.59551493903334,7.10770599781027,7.99597508689342,6.31208242956596,7.5887776758991,6.62529825577396,5.80774299343569,7.02160578426738,7.18546822004107,7.30619657622697,6.9539874018322,6.327875691185,6.43421625654919,6.87563084287322,7.0029849098866,7.30985869920327,6.59024577151214,7.44344106892896,6.07253377846769,6.98483391526334
214762_at,7.65602550379749,7.54128244965232,7.23009461699066,7.10389150030795,7.05987263710355,7.50278447130362,7.38864538994779,6.96960594363153,6.54968705202531,6.98337136816608,6.4960163573994,8.30555676092269,8.29057217837383,6.60211325344016,7.81421263403741,8.66505748839015,6.74037802430527,8.01548827899231,8.73663428601975,7.38017565516179,7.39970873036104,7.38066731955854,8.35911991695402,7.23434257206903,7.17115514055113,7.39907548957164,7.36049031804204,7.77322370627104,7.34980963416579
214917_at,8.40830231161999,8.06421042265324,7.76283902061275,8.81096345430083,8.38978408882901,8.16179479915418,7.94197812704839,7.79744663497486,8.31317798675823,8.23071564033498,7.77896537546064,7.65302823312428,7.76968552224555,7.70331875981301,8.17615253207768,8.28698205343483,8.00599127507617,7.90788206143932,7.93865613721269,7.80446162133115,7.80811102860562,8.02118052834997,7.75168412665792,8.30685162762272,8.06950960529498,7.80049458987259,7.39826888908005,7.87983131691549,7.77521562503096
215154_at,5.73071363506519,5.63290839069175,6.17071920581617,4.45984452751617,5.44319917664683,5.49997673574643,5.13580907922935,4.71210995756348,4.69679086385593,5.57555109011239,5.72183380314334,6.13227019156112,7.6992208274695,6.00235909451414,6.11947747141434,6.38749325004924,6.52281727251895,6.03690858714418,6.95561407101576,7.624460672778,7.86193674914867,5.37099845013996,8.12526566631789,6.15181129831619,5.82551722211888,6.48827288245509,5.90539025926458,6.01085197026623,5.93997359294772
215195_at,7.8817151478006,8.04124590730631,8.08419413280429,8.01001456712325,7.8021045054979,8.12378354651981,8.22903723445042,7.918153531008,7.92833207732526,7.67392909748023,8.30723900686399,7.32704939155143,7.04066861988727,7.74975112647683,7.8695554814269,7.50199306859282,7.2356982847287,7.65447230594324,6.95280161299559,9.24502711787832,8.98657423587732,8.79177717930628,6.80349029357319,6.79896483264404,7.67695736988289,8.97861383375714,8.52876385793008,7.518826103571,8.60018607831514
215624_at,4.70259626397159,4.65065401177634,4.7232076862084,4.71477203261419,4.51765254723184,4.81922864912624,4.83114420816342,4.74782144062564,4.86598924174144,4.50330280660976,4.60001508233009,6.07688016346546,4.74758400896937,4.52263358575125,4.4513523460723,5.55854049284436,4.66170537434556,5.05666285745884,5.04958507659552,4.6140107010483,4.23627698210269,4.6112679911188,4.93981633095249,4.50125004405884,4.69595043213639,4.48782534546494,5.4571695701973,4.35935993104977,5.5333513035806
215735_s_at,5.79841306651146,5.72523411626498,6.52566764299096,6.0120549332702,6.12982337106175,5.88709474671104,6.2462189468418,6.99868649989606,6.08832726078866,5.94162147233377,7.08014640006123,6.75501746235459,6.01127198257814,6.14323413809547,5.10946128722673,5.40540737059293,5.57872081544411,5.93736609413596,5.94970067994025,5.91815655458769,6.63141236640764,7.85292446667807,6.43247205233498,6.13205628098325,6.78751390133116,6.78360522443176,6.54861042010941,6.39663280072976,6.032997799154
217620_s_at,6.84219310018084,6.72963375307,6.99267381002146,6.19777869607174,6.27551425471547,6.30144098513557,6.92525387638213,7.24446094825778,6.62015716383023,6.52361187872339,6.47648706369191,6.47071139388871,5.61697006500789,5.99381203410232,5.54891618620907,6.13418863637487,5.84316195106868,6.66604490125522,5.57469399613102,5.99381203410232,6.27391559050182,6.63976615052496,5.75556549352524,5.84490637287343,6.33590372367645,6.25634494006202,7.0277943494992,6.16212631794534,6.816521689741
217644_s_at,6.91609196059323,6.74371097845688,6.90748531391275,6.22095237879025,6.80496507427725,6.64388112832056,6.80010129784776,6.94207315761716,6.98767629089083,6.65766061707923,6.70614056864966,6.97554928461567,6.63945106682753,6.58630295166599,6.38154702284257,6.89329604391319,6.39164356205266,6.64618422519694,6.31450224817541,7.02044069832603,6.66445664124185,6.73713012632749,6.91525280036673,6.45398498277744,6.55770136896142,7.15381694621995,7.18637573964535,7.03754188413648,7.14277374619349
217681_at,5.51828112105481,5.69882068981097,5.3085115697931,6.02594477376701,4.94914035585117,5.38065110143173,5.51141002037315,5.51961144080863,5.69602888609115,5.19518759093397,5.14164459030845,5.27006827225191,6.26590357496204,5.59031164468488,6.0766012284954,6.12295369373055,5.5344557087642,5.73244011676423,5.57913933382876,5.53522686874973,5.42180935211278,5.37445007491035,5.71907060117212,5.32375971956971,5.25247890037621,5.70290435425494,5.77593912898479,6.42341741723683,5.76202490476908
217808_s_at,5.76626154254141,5.83513219360776,5.87903615306695,5.5354554311137,6.13956937336103,5.83066374194296,5.75830246658128,5.65744862694011,5.7313289869228,6.03250263275738,5.81543860567834,5.84350862227291,5.5917703964044,5.85100369653249,6.0044697004512,6.95708659173472,5.9925953355599,5.72167415996066,5.84715122094451,5.88233673224605,5.8180330485042,5.85588689456546,5.94528733802219,5.94866763962342,6.18999533348228,5.51320776449436,5.71885777601207,6.13019150226976,5.78184728311552
217873_at,8.83231279532689,8.34552707518906,8.6341565561043,8.99133422089417,8.90493988184952,8.63044961150601,8.21699920831058,8.31270980099771,8.1546255612522,8.88000308829429,7.59338298744659,8.76846709048693,8.36727408764576,8.48543244612369,8.43106573880254,8.8450191172471,8.50696422507838,8.18410772285164,7.84080609540395,7.54963345020084,7.90346975416525,7.73544374664903,8.44053909699016,8.5314389015195,8.07417393825889,7.75081875624624,7.54403415873825,8.46090800730391,7.44504786113076
218088_s_at,7.0742136264467,6.90449416051204,6.71496524263517,6.73998975860958,6.88260219807786,7.2726584374073,6.89031267242728,6.63002544229319,6.87908218651224,7.1100926935585,6.51955994507874,6.52640133732276,6.93979142911632,6.0044697004512,6.82036608022975,7.87761146792773,5.36943774608546,7.43778372227176,7.01793923486039,6.66702405670518,7.07988389957535,6.23443742341052,7.0656011669144,6.61424428241784,6.3522465803459,7.09759586690531,6.8700894469748,7.34426906650689,7.18615932698473
218291_at,5.39698149796384,5.49086633759543,5.86459610771779,5.1525462927848,5.6489385281693,5.48335450424151,5.42599945792617,5.58896023172703,5.67907877266131,5.39559131394894,5.53427840720343,5.43230143330668,5.23269133123558,5.38584831921826,5.45019098169411,5.28129229652263,6.04763380364089,5.11588648012358,5.1913763194221,5.56258069555724,5.16786504340455,5.45622967767838,5.13991375316206,5.47518705484713,5.31536927381136,5.19945944008078,5.34205379469982,5.14764878791803,5.38681765578714
218505_at,5.12534698541868,5.07767659112522,4.69566004815123,5.25224779579745,4.83215629429047,5.06504208852372,4.8671750677751,4.91024369131676,4.94659009919751,4.7903342605773,4.9107795702556,4.83703888883284,4.99774159546146,4.78528339435724,4.91251072705993,4.81059512939151,4.94546320267676,4.7646262019525,4.82325976926404,5.00667858794843,4.81767483582431,4.90999506583229,4.99405308706761,4.88156651698015,4.7887018436359,5.01434765701923,4.95715670167239,5.00110927130359,4.86011736339045
218665_at,7.00276317159666,7.27995399865037,6.82425627434876,6.6749431251504,6.41937293133635,6.85072622015626,6.43341286177937,6.8602525435311,6.74216616207218,6.96616192988408,6.22647465145708,7.09647133062141,7.6402949100504,7.25988967287187,7.31249667469773,7.49643866681271,7.25482694731801,7.47660716639258,7.54104493824287,6.73713012632749,7.06399306514141,6.95911761070257,7.507330814617,6.98874078960691,7.03622784557118,7.08657079288429,7.38987259624229,7.07736324339295,6.73167417717402
218759_at,10.1291367869869,10.2143206309092,10.0932038988031,9.97125189604876,10.1200028630578,10.0794456752332,9.94969846183415,10.1765168977017,10.1765168977017,9.82092437534798,9.07041452475638,9.22232633727647,7.62900972316932,8.58530690071487,8.3496460206805,7.95026570492719,8.53634092638172,8.38349865864165,7.89929718634964,8.20369677814784,8.13324052024648,7.85266391568584,8.80099343357144,9.10024875131004,9.51906857594263,8.85942004002278,9.35432811478914,8.64278335812813,8.88710678922227
218858_at,8.33294052870481,8.47142234369963,8.42362061432992,8.09761449917467,8.46506362683161,7.92804491368018,8.40347783403376,8.71076228664475,8.20998258051192,8.30771975298656,7.75050480807883,8.23529910318071,8.46772839603641,7.7804679730898,7.60297825417188,7.90557883189669,7.63962656151022,7.28907631560568,7.8938705051099,7.38545927758922,7.39011515034131,7.88736508608013,8.33173239962269,7.29705757519521,7.6300845558697,7.4014082689859,8.15866566345507,7.07328804801547,7.11362552256487
219168_s_at,9.67679145150962,9.41286260503295,9.1301262328824,9.53975845229938,9.51240982020474,9.52261618131797,9.75601263328141,9.84442998176665,9.95135036566004,9.36774450171666,8.7400740307298,8.83720666035983,8.92525999199206,8.94774480283715,9.33471158788946,8.79350901301098,9.27229215515548,8.70844160123774,8.84691208716373,9.10456761554108,8.7546691936401,8.55062476721685,8.84436439352143,9.27142474084998,9.06379787176769,8.79220546144261,9.44453598192486,8.42708920351863,9.05171005092974
219393_s_at,7.447537577218,7.74061944670805,7.59959304785837,7.87983131691549,6.89812593864552,7.51781529054187,7.55729224400463,7.86989183872784,7.85088293308219,7.50632851508126,7.09574051818841,8.22903723445042,7.90408180289082,8.02296237987905,7.90176534482096,8.98797152661545,7.77738733730493,8.24106062050834,7.55021007629995,7.2329644522151,8.2041247271597,7.96537263961759,8.27173595728045,8.13613394005578,8.20765670763539,7.9533253330874,8.04648073685414,7.61391840647427,7.2864160828838
219586_at,7.24062101842374,7.46793353080132,7.47721170546216,7.59959304785837,6.9655416418721,7.29234377817177,7.707098395904,7.30693675599633,7.50070277418102,7.14907360464016,7.9733694472974,6.98570356909067,7.18511008711355,6.76815311080691,6.49707630545627,7.30092846891118,6.27349946497464,7.7676957661248,7.58495707017969,7.15471040805562,7.06579511579941,7.44262289078087,7.63916559253212,5.8988429573648,6.67839537103521,7.50891309837558,7.99527485827159,7.56808255787762,7.73882446138565
219764_at,6.74254380688726,6.98192624485433,7.00715725758595,7.22855222558366,7.56968706115701,7.19535899038891,7.04912513155973,6.83414246004258,7.09331445183414,7.04228937683163,7.57480901277612,7.01576798629514,7.15770156263951,7.21898171450003,7.55430466986248,6.87136678935658,7.65821836007238,6.77076685028186,7.07457846519455,7.25410747483411,7.07068150551699,7.16062877835395,6.94733701566852,7.74274909847576,7.53116014682332,6.89483074434195,6.72592551013731,7.42279778045687,7.01617928984147
220737_at,7.2688483045118,7.23480395876414,7.08592044902268,7.66923726470999,7.09759586690531,7.07952309911515,7.08484163939299,7.06153955377355,7.12119116884155,7.17450357190884,7.48429899310879,7.0176453236761,7.86163461697472,7.04849035342913,7.39345746350428,7.61031890478944,6.90272232898958,7.61135338096602,7.50510671288808,7.27876091899722,7.39654337627732,7.5239644697897,7.85884527132843,7.22371921063361,7.07889894786702,7.35787101306655,7.18015030471515,7.73943365478888,7.74591656878232
220738_s_at,6.07615860927967,5.87684693742111,5.92626279308125,5.96632867717797,6.90491905373405,6.15735620924994,6.07599913891302,6.16089078645658,6.13527560786829,6.22359120033939,8.22048102527253,8.31695680823312,9.07112509904445,6.93517980564938,7.06286328500018,8.69009048131666,6.20480948379717,8.82948193855352,8.7694917825129,8.54658930036375,8.44600909553262,8.4391881750995,9.07696971208577,7.07410011016874,6.85127906438618,8.61597055278326,7.9854126694816,7.93788858426525,8.00566004085408
221003_s_at,6.96263405525782,6.88822668402533,6.61877528478768,7.37676304723257,6.48377441299063,7.05179474394652,6.29882187775758,6.47215490720809,6.66993221212518,6.87908218651224,6.82776226563692,6.11029317473267,7.09759586690531,5.98357952441407,6.42976532390033,7.59364574446108,6.35580493381977,7.41950461507179,6.73680272086822,6.29954719932387,6.69930445764101,6.7571112561068,6.88547969089203,6.19762572716454,6.32277828200337,6.95670727322509,7.67046859076085,6.68943373726849,6.63330950641498
221113_s_at,4.08166718161725,4.02813866851612,4.01637738608456,3.93903405356523,4.20151518651841,4.0390575762908,4.01326516899259,4.07498774838798,3.89367284739639,4.00349823325757,3.91078572510973,3.88901780651214,4.01127021532988,3.91223219772631,3.91801561854264,3.73095138920924,4.06535209848966,4.00095014564675,4.10034743266738,4.00417001914896,3.98111812128734,3.88737486010938,4.0142690728604,3.79096712526578,3.97309106157297,4.03530012468256,3.91045204393486,4.20537947010908,3.93077480592249
221244_s_at,4.62654350126918,4.71498877581678,4.82070647957853,4.13005350940524,4.81922864912624,4.7925167011055,4.69383271630121,4.59865706184086,4.53697910467878,4.72477524617997,4.78042032579581,4.76515329679711,4.57636556439354,4.83215629429047,4.73887497380548,4.04728737891473,4.82028121876565,4.50503350302629,4.68507198088145,4.88720926635208,4.84738353163662,4.68507198088145,4.65638547877111,4.98545561607011,4.80650559559043,4.48872495288966,4.66909623343324,4.52670848533372,4.64574650660023
221245_s_at,6.36476045854305,6.39512400036217,6.40975111274454,6.36173566301841,6.50008799246276,6.56328570700205,6.38051105158058,6.41008459419126,6.34916614960417,6.65517665038999,6.28465727041372,6.66188233617866,7.14629418634326,6.50913961276153,7.02160578426738,7.51554165976409,6.32257172735619,6.92721644115348,6.98898605304982,6.31102015876532,6.88972902764672,6.63083913475829,7.0035682948895,6.71659642792808,6.63976615052496,6.90963286412772,6.8010680336237,6.94207315761716,6.75956997530219
221504_s_at,5.3392707753523,5.32026003760206,5.32469860649185,5.38479696510955,6.01384464011235,5.87397175268058,5.62513367198574,5.24451544576925,5.51398034778157,5.53716004373493,6.04828416877442,5.50854203715139,5.50603147780405,5.55615387327123,5.9116918292377,5.25787576880046,5.96200707481769,5.33204508556689,5.52721117303678,5.87501257105427,5.59677939968823,5.95290942128715,5.3732742133192,5.76321025516424,5.64773440825244,5.44319917664683,5.13627617189475,5.63879859788522,5.40888346127955
221524_s_at,6.37337684994072,6.33497075074228,6.36646473873954,5.66610855887735,6.41714362611584,6.34939246072718,6.22171268555759,6.18868628803754,6.54348866370973,6.19901241308686,6.36366949110115,6.49064690712553,6.27038613500672,6.25557349928558,6.66667668829973,5.98530440980812,6.52338509160887,6.55677455316249,6.3229641348363,6.44783701488055,6.2961004701772,6.22548323168013,6.07838742463535,6.73148355713322,6.57306762321327,6.37458250423811,6.32711620640103,6.57651772620736,6.23284886839835
221539_at,5.18643581217405,5.37099845013996,5.29903514948354,6.2961004701772,5.40974535577793,5.27166428179767,5.17719546560305,5.1174306800644,5.17547962987019,5.36656510115608,4.89122100155228,4.94705592878814,5.14888267326,5.17461481472563,5.26962714084773,5.64833946438886,5.26009311909922,4.9260068539731,5.08702779712408,4.84293311031429,5.32514533106807,5.08967649639105,4.9209711649383,5.13528447109389,5.3062884465395,5.2031812079223,5.26100093485776,5.40220719284796,5.1906513970181
221554_at,5.58380134971346,5.79950489323134,5.76961579100314,5.43865725109608,5.84371402588909,5.77593912898479,5.61773012799261,5.8759941686551,5.82137996981921,5.69522981754289,5.80678025581968,5.6968563544625,5.85503511826377,5.81484695067302,6.10961961490789,5.82413324099789,5.75400356885499,5.77277850729605,6.01459476252951,5.69522981754289,5.74834059283378,5.75180130488811,5.94089732747618,6.3518662073354,6.1031064665853,5.70515176626714,5.69097357800496,5.71215853230949,5.86271511264261
221608_at,5.25496282514345,5.17576439229576,5.06390822931479,5.98226677608556,5.27571428653247,5.28259629484582,5.17925344098713,5.10755530902926,5.21825047701621,5.18802954701138,4.71125077975281,5.14764878791803,4.96869233417552,5.05306022575577,5.24636538935162,5.58396146983304,5.1949593543683,5.01920367540712,5.13895759279809,5.20019639359511,5.16005071161907,4.98169567501934,5.13693316418202,5.15481608158794,5.22979823935587,5.05072000059256,5.21647901223363,5.17416240443991,5.06653858873771
221609_s_at,7.03149208549872,7.11634253988306,7.0642010221763,6.7106807238436,6.77058600636288,7.04633838997403,7.19917087107344,7.46213668810218,7.19285727567531,7.14351968279289,7.83241291969166,8.34266764444941,7.84929933404695,8.1064048898794,8.57625658845718,7.98368905232527,7.5203187588328,7.92919789016488,7.77258710368615,7.57920706534551,7.58860328347448,7.86547956404544,8.18720891615947,7.45865099088817,8.06251602656767,8.24809268658017,8.11966628477842,7.65739866748864,7.80964520690324
221931_s_at,6.10272789028446,6.43937580305282,6.12710925358611,5.73307864629775,6.43884606876551,6.01709073193704,6.65801667851304,7.47905598439499,6.34400738683144,6.08192777227071,5.97345646414796,5.81099019928937,6.85258261640581,5.2067017271751,4.55814964314175,5.67476578133892,4.3412392204124,6.09211520705234,6.24677541432401,6.51323973374214,5.03601188527205,5.72523411626498,5.6339281475523,4.9468043071887,5.09741511909033,5.33474756310134,7.08926634845738,6.64443205176285,6.84737271774041
222086_s_at,7.44955583709379,7.40596586517668,7.33144633706707,7.49081561851601,7.421010771099,7.30070157445252,7.38333878674281,7.35713045069301,7.59420572005681,7.44934589982914,7.38066731955854,8.49412258355698,8.99467184453864,8.03840397537643,8.73901032736735,7.93038166806941,7.96178113579163,8.52574845536471,8.17095727606067,7.53613206252585,8.13990665082636,7.80423481922674,8.39435531771616,7.979106289537,8.14647682698782,8.05301087576443,8.18877872765615,8.3600609506408,7.32184429088078
34260_at,7.7842504917687,7.77773433728249,7.72296932876235,8.25204493362852,8.01892425239284,7.96892454024016,7.57593370880733,7.46446692086982,7.74456254440468,7.70770472789821,8.00036726760826,7.7214794547807,7.68116337309406,7.87761146792773,7.8217842610262,7.63892029006995,7.447537577218,7.64815512834792,7.47690683851506,7.47882683295498,7.88611793547695,7.90235245415886,7.57052802380643,8.01141889615447,8.01957716821737,8.12665466745087,7.46855646015586,8.17965641335545,7.88449992509617
57532_at,8.73421954122966,8.55393620511312,8.71967375986853,8.83414265980313,9.34162366666207,9.14633379776209,8.73305921387029,8.32173609660579,8.6254224577373,8.88899503485559,9.27954527720689,8.91403769282222,8.67600464135563,9.06452859775632,9.4363024148187,8.76846709048693,9.65721581330397,8.69596669740009,8.81329853886647,9.47654892359819,9.15655634148612,9.47303273778505,8.47476596770501,9.75239905884032,9.44146427168342,8.93177069657053,8.08920223844144,9.29648319785,8.9375448558185
71933_at,5.15774609805756,5.5321697962529,6.07186542204173,4.84106119426946,5.33187057745065,5.12381740338563,5.69038109448126,6.15931635672105,5.79863218003338,5.03471964252542,7.28300551340138,7.17829295863026,6.52969361825445,6.41685441726396,5.14942659513468,6.54843725320426,5.99200817328216,7.12775880751416,6.67632032157802,7.4636858441955,7.23454780978217,7.33510173795664,6.8853480122623,5.66610855887735,6.60992428993258,6.65731381537045,7.74999225301529,6.97952199945091,7.68024651267573
