,GSM185811,GSM185813,GSM185815,GSM185817,GSM185819,GSM185821,GSM185823,GSM185825,GSM185827,GSM185837,GSM185841,GSM185843,GSM185845,GSM185847,GSM185849,GSM185851,GSM185853,GSM185855,GSM185859,GSM185861,GSM185863,GSM185812,GSM185814,GSM185816,GSM185818,GSM185820,GSM185822,GSM185824,GSM185826,GSM185828,GSM185838,GSM185842,GSM185844,GSM185846,GSM185848,GSM185850,GSM185852,GSM185854,GSM185856,GSM185860,GSM185862,GSM185864
200059_s_at,10.8183786859855,10.9568824542758,11.0155077927337,10.8843418322828,10.5058639948541,10.5206774851591,10.9931531562131,11.1490097212141,10.9395181521299,11.3231059757396,10.9431388556139,10.4562300427345,10.9096896471265,11.3510776180597,11.2748977954886,11.0155077927337,10.9931531562131,11.2748977954886,11.1896028922686,11.103947658583,10.9671578978906,10.8945802286798,11.0101442007068,11.0407707681984,10.8414787822818,9.68139428327192,11.2064540778157,9.80912830150145,10.7203275739089,10.3040925394653,10.9096896471265,10.8414787822818,8.95412773893321,10.6210410141604,9.28317020943269,10.3140414798351,10.8073558383232,9.57226185292714,9.55253470647392,10.6564611213581,10.122645167795,10.4224484209967
201195_s_at,4.62619047492921,4.77120648254503,4.49646125707321,4.76991381299937,4.86680104097205,4.71887423028779,4.81802577301681,4.68117253817271,4.94189235681501,4.58432831651075,4.64398177547957,4.66234006606011,4.67389183980803,4.60066085179889,4.67128578128971,4.61789103482783,4.68198981767287,4.80429085732206,4.7633081993197,4.66470719120957,4.7639890177525,4.6644488146666,4.83359802595334,4.68738524729712,4.87838438166587,4.76102868090596,4.72971452628022,4.68500603340474,4.69550932138785,4.73622070536419,4.63810805312508,4.88325302724328,4.59728534466778,4.6216934427069,5.16707648973727,4.76166293920143,4.61112365782257,4.81048325588163,4.5633198749669,4.75480058626984,4.92130985140978,4.81137742278533
201244_s_at,8.07974855294954,7.90090366856682,8.29951076028886,8.13965445856567,8.53830091754167,8.06049870308056,7.83654988910239,8.22284783020643,8.48320442845712,7.81940084940091,7.90624139349198,8.44063283374099,7.87943646852858,7.65268430372096,8.017009776292,7.98249605190126,7.97447424917216,8.15015392320024,8.31878366584616,8.38364197203583,8.22686144028988,8.12790143684855,8.49399993763507,8.37230508727548,8.42498634102195,8.48056021644778,8.0662719545984,8.14042039827314,8.26795167930793,8.60724425596126,8.41527979202973,7.84466546184986,8.72230976383397,7.76067898451304,9.63818684297493,8.2187586703493,8.01625445320365,8.33196191631302,7.90701370406503,8.61565948244314,8.39309556716663,8.28029766946085
201254_x_at,8.58368724645528,8.7025907464317,9.14687686795988,8.63201614178352,8.67330153894783,8.20551057775403,8.74594751569384,9.74966749935641,8.34070980265481,8.51041997357826,9.09607780832778,8.32733645990101,8.88846599564109,8.91601722802142,8.79058086901981,8.76994547519182,8.74126088899851,9.31864918705975,8.9292860606313,8.96018478673329,8.96187151562456,9.20648617770238,8.76233733199555,8.74947384764586,8.77335548662507,7.85839751658283,9.00003690960272,8.22471653266862,8.54688312031824,7.66570667989302,8.19271637787854,8.91438289046316,7.35828000490559,8.10189941245583,6.78510623667884,8.28870592499979,7.9737200781938,8.57918882332715,7.09933686320207,9.03299679195913,8.41884964726348,7.72212473757277
201435_s_at,6.01008407980778,6.32450981254579,6.43239234489124,5.97977590068009,6.16344006750058,6.47994988992835,6.31275199656252,6.39335159674266,6.65657044382223,5.82697712479211,6.25546154065593,6.37351794258569,5.87859050771613,5.70101931505455,5.83633646688948,5.82225477490145,5.74096520212398,6.23217967792593,6.32565858381,6.53334095014395,6.3904759952555,6.82003761754299,6.48651559866648,7.56330388466194,7.34046991653752,6.98973418320159,7.42995993916375,7.63189366627137,6.56997189979044,6.75713401900942,7.29951090364741,6.90617091319681,6.94849735609596,6.70911331586979,7.39902335334361,6.5095745725143,6.0940949473881,6.56072920785914,7.11405463359022,7.12328008282893,8.25566793693072,7.95955931705017
201436_at,8.23718855407342,8.37592128757421,8.20972079796681,8.27859619747016,8.176621664278,7.63916708185153,8.16395300581044,8.12547769430898,8.10478045879536,8.12570260118338,8.08792403629834,8.3287934160083,8.2167794794342,8.24233301163196,8.34519692990413,8.36507135340412,7.99923296257909,8.1914674090368,8.32289177733405,8.13314008286834,8.16656577970487,8.14042039827314,7.9900939049837,7.87491908119997,8.03591180063665,7.7833875016381,7.94348249173522,8.28081206851789,7.95097810532156,7.48344817784507,7.90126490651759,7.74105034021396,7.05960067211448,8.13711365751093,7.13309342338549,8.2673989191731,8.6376805260583,7.59268258320991,6.58402399436637,7.57354976910506,8.59588864489639,7.79993555079092
201452_at,5.35919832873101,5.30806588301336,4.72389662718353,5.08620188205214,4.93667310139528,5.49434428622293,5.26829746910276,5.04393452528112,3.96134421808649,4.79455956515688,4.88750367731199,4.59093380212385,5.28263107753389,5.43044558607252,5.0797908693804,5.28014149756492,4.9203904308405,4.72142071700094,4.98639186519755,4.66357528513421,4.54769369551793,5.16522131640766,5.34238632978478,4.9504181115599,4.64944237816812,5.80082282596834,6.20166607463467,5.81344876983488,5.6330536622317,4.52598226795886,5.23246062824854,4.53133318896157,4.22272201896991,5.04244461541335,3.91740400010439,5.14148727761795,4.78939347623883,4.2679009952319,3.91960165821744,5.21098802589511,5.0892848571362,4.67371120052912
201628_s_at,4.16532803387668,4.53512498576593,4.77196130828136,4.2204967824772,4.4978948577881,4.58216949786755,4.34440245001856,4.55990158053748,4.86582489283721,4.04627637207786,4.62763856822766,4.29809200017065,4.10664690331124,4.21998276580203,4.40370036566085,4.29862541411226,4.05930312213447,4.18930890873313,4.58360116237568,4.44829907149533,4.75427252779767,4.43584764956306,4.37705096516227,4.62024616075519,4.53807431302158,4.33929804804035,5.07395843426642,4.48197600201504,4.23939900162709,5.27480690800888,4.30177954061554,4.87043398057567,4.33929804804035,4.12867912364754,4.21699331015033,4.33803519798665,4.33336513307644,4.33898613797382,4.5174456245229,4.35750272415789,4.66564866199095,4.7481730252017
201971_s_at,8.82263608111557,8.79322632979483,8.88704355833209,8.90986750730178,8.60650650127852,8.41298147952841,8.94858536585833,8.96525600114195,8.93335479713934,9.22767203858366,8.47451562812345,7.94041067414531,8.79971445697036,8.90412944184959,8.69054655791347,8.63022293636273,8.72579317337814,9.14438171186426,9.13154306349826,9.09898365069973,9.02104990197268,8.56535541919521,8.47007333232112,8.53447999638001,8.81921425274259,7.54058529527582,9.07044729367941,8.47910571059739,8.44219223947535,9.03299679195913,8.50160084617736,8.57029253917857,7.23559128611795,8.45625401162452,7.4617082599191,9.14485358252281,8.5849492053372,7.78235738875525,7.67341530101603,9.27536776402404,8.29273129434579,8.45976962461675
201972_at,10.5151267307258,9.64876409185986,10.9195247464917,9.94485965893315,10.9195247464917,9.55413370129069,11.0407707681984,11.2814311680234,10.6709164096657,9.79376626559609,10.7481480546122,9.78889592285447,10.4997365861798,9.46594129801467,11.3677434241992,11.173267654359,9.70179409082343,9.98961030909319,10.6341180479189,10.3591055408476,10.7720075135874,10.2894053993641,9.76075564418306,9.50864754359196,9.58250337951949,9.1598958070736,9.33590556908144,11.3677434241992,10.0792614710802,7.59642086448222,9.63537916252973,9.91554683101976,9.07967803888521,9.18453240981347,7.31799326010286,9.63537916252973,10.1758269373764,9.7380785345535,8.27286056854225,9.81077774560294,8.83199793819048,8.63393707854913
202288_at,6.93217796190636,7.2370029070535,7.5622953379774,6.92971157704333,7.02453960978027,6.48448346951385,7.18682873132272,7.48023187125037,6.97150742000539,8.32379970736357,8.47328889521801,8.03462077694923,7.92905445138132,8.31599493201287,7.88279001595537,8.23631627136888,8.33671865098924,8.38364197203583,7.3964853392004,7.06062936463957,7.03138227910957,7.83149939143544,7.50360619544198,7.96775664374161,7.5153803564907,6.67262026477588,7.36788904001624,7.03217923336672,7.50517812489394,7.53065052970174,8.23060657243076,7.58065974855843,8.54409118178033,8.47451562812345,8.73575434571893,8.52815223848239,8.05826063541526,8.90412944184959,7.32205066978148,7.73136296610802,7.38334170959332,7.61739021132859
202299_s_at,4.79915424638413,4.4291770488282,5.00814024701884,4.90848834883602,4.74365430309905,4.55762017888792,4.67244951135065,6.04794627181465,5.24216502977754,4.67415535727792,4.87691034541059,4.87627842363979,4.66285066682449,4.78335962155957,4.69760990180343,4.21900225135803,4.94935449098807,4.68045041371554,4.99697547220726,5.25538279319151,5.58990364826444,4.85090683892326,4.74014288785302,5.18515340721632,4.87152730439271,5.0647259435799,5.55798486729133,4.77539243134857,4.44255526110611,4.83273945182769,4.64207777062382,4.91280899340446,4.74957336898808,4.63718202042662,5.0797908693804,5.70150205702228,4.48296492734706,4.58737924224142,4.7681044144404,5.03554705460799,5.36619323217397,5.69097653688807
202647_s_at,4.50367287185752,4.7685604911983,5.2462094565311,4.59268961756146,4.41768431019069,4.40144288646998,4.7685604911983,5.21725635260011,4.68174436147147,4.83629675996913,4.81253213311396,4.73122619125721,4.9347018570464,5.27936119227366,5.36963993581804,5.34953804177264,5.0647259435799,5.16224011990627,5.65740633181488,4.83704141144136,4.92389202579212,5.04506079276866,4.51212645283997,4.96006608088138,5.00449246009269,3.98421762875976,5.04351495020181,4.77369129646644,4.65424345438008,4.50954430381047,4.57254176145559,4.55741567366727,4.20090903656068,5.08373137713678,4.30476277011917,4.79878084564225,4.75157797584111,4.17169776615863,4.88950428056055,4.90934585146417,4.47449596477983,4.77399084942013
202670_at,5.6335205677646,5.77250158364826,5.5140978172553,5.56821524535057,5.69791835910574,5.6389801674254,5.72716919493739,5.47917232603106,5.48855546673265,5.61892986661518,5.58555075230958,5.46725308555033,5.65285110498558,5.93657918860088,5.7141525640894,5.67556094596508,5.40380395570313,5.44300558302852,5.53251295897426,5.56758804791227,5.62689694218937,5.62689694218937,6.08803529925393,5.35665154817684,5.57904526882765,5.76309445337339,5.3481022242613,5.69107730689605,5.51889780139517,5.85804606903842,5.81431000108553,5.58063654464906,5.63736135821353,5.94949975937882,5.39350624356202,5.26511481156776,5.63638791495169,5.29850248946439,4.90587982124063,5.70248147197552,5.39876385302032,5.72162988472557
202872_at,8.79389084757079,8.47007333232112,8.94425553691807,8.87490878365871,8.93705627469717,8.25566793693072,8.7160200823619,8.86594015080023,8.77063834933773,8.60066071452564,8.44219223947535,7.60625899113868,8.4750052745261,8.76994547519182,8.45277009051705,8.57147579970673,8.61141446375095,8.85126737879014,9.09426441989986,9.08420596675592,8.95159501626394,8.8775929282124,8.85355344093322,8.54467748607616,9.32173254384861,8.71144478919597,8.64767813352995,8.86857560916183,8.80889837856551,9.32601101251102,8.79530290431786,8.46892473469249,7.47818598865817,8.58080101962697,7.64102429719947,8.97277325966416,8.82832158147426,8.45078557368048,7.55287072868902,8.46519431821029,8.76755168966567,9.45287130774994
203230_at,5.97561213067661,5.98000367492966,6.23822162504521,5.76814296373194,6.34757190436785,5.96644604631404,5.92840430968026,6.47025260125496,6.65267016171577,6.33690984915676,5.98774923946998,5.3759081592518,6.01441539933196,5.95399136815282,5.98195037186146,5.85131021719779,6.18403084818016,6.44305863186986,6.50550933938232,6.4358151079054,6.59674670341409,6.3812980687415,6.36662779591688,6.71374452603536,7.01979470999724,5.55719259940324,6.735455972668,5.45078282935704,6.28298002966242,6.70815803153342,6.58762238693155,6.11427429915384,5.97302763322339,6.05252425302036,5.90382808397465,6.80869367799444,6.09085750347169,6.04635549349683,6.79841550023211,6.4563465469854,6.89236370435677,6.48688782125024
203246_s_at,5.10003846383007,4.95198335640857,5.26597749211034,5.20951883716095,4.95936145700781,5.28734511334881,5.59530769821735,5.9458987034069,4.78063813616635,5.47874450873636,5.46626327358166,4.79008954164026,5.25640371401347,5.14795162626481,5.51150628868452,5.41703325942401,5.46365465222825,5.46949913814841,5.84973502280945,5.35732243634761,5.5606209360347,5.38395945515311,5.6683156098721,5.54794088697567,5.44184576296822,5.14869615280378,6.23741395348444,5.267505953754,5.69268763106742,5.53620816004888,5.83828179910251,4.70406274875055,4.76349683250228,5.55616771562748,5.38552868904108,6.05833894258515,4.6914105253071,5.32959261570821,4.88970467827302,5.5240130456617,5.83742593660012,5.61160871928706
203289_s_at,8.20972079796681,7.88279001595537,8.04984302820452,8.38469325381543,8.06094752689459,7.54123283933564,8.09465191686414,8.3798117995568,8.44913911962947,8.25705836873487,7.85839751658283,7.49064238434404,8.231440896181,8.17300990465837,8.15593465396029,8.18019521290629,8.07438138758195,8.18868225265176,8.63542190562466,8.28566484659487,8.19228496884968,8.49354826010723,8.16302503704966,7.92361794198017,8.20001206370561,7.26830737956916,8.8405987521017,7.57140232398383,8.12570260118338,8.16882084942912,8.37280789862408,7.88926946466199,6.12750013556486,7.75342287241474,6.4035141360613,8.35658506791227,8.25616686069729,7.71135218239184,6.95009257229764,8.44121832340079,8.24991794215483,8.28181795699355
203379_at,7.06748373985769,7.3681733508931,7.71170142380269,7.70648790737536,8.28234152878321,6.31005622163334,7.28946417670103,7.25736687780907,8.21411256814124,7.63281712417695,6.73190107754367,8.07731492420951,7.23182551229212,6.95861274570204,7.31315279272417,8.21456722110635,7.40712031662933,6.82174772826278,7.20831439933103,7.83654988910239,7.63777428937744,6.86917762177336,7.8854415560146,6.88023053949706,7.63848515858458,6.81281211912876,7.1263047637706,6.48495170772886,7.74259725438205,7.52044174480564,6.70709168398762,6.11104303628074,7.46858395508554,7.39902335334361,7.78662473681527,6.75806770362547,8.3151080218125,7.06891684236106,5.58929206731657,7.50750773121896,6.11450584048051,6.88645629390603
203627_at,5.63594125898461,5.71188026586882,5.44553629228512,5.77940369040959,5.54480749804364,5.59795491411553,5.78583888343553,5.77107336667303,5.536848220015,5.59869620382701,5.28629843079572,4.86631866672625,5.74652873528466,5.72420543741121,5.42466014828662,5.76618941934677,5.82246118171253,5.70734460710808,5.5434206902788,5.51714764416039,5.44617631787507,5.81431000108553,6.01567275372856,6.03465177744754,6.40581282587608,5.73111694141104,6.09342338247256,5.94494636223903,5.76409638569011,5.33126651940853,6.73904948826616,5.09050893820047,5.09764209881561,5.87068919962554,5.67798337884714,5.73544375969114,5.45591378177733,5.36022341147182,5.60821599734243,6.23963826010791,5.89005613473407,5.69163249483607
203705_s_at,4.82515232578154,5.05796440132454,5.11062332910628,5.12709440336013,5.19537044097588,4.96460153157397,5.35410090632331,5.22101056310159,5.26713978145795,5.10857705969109,4.97763994711285,5.12840956158445,4.98615775368037,5.54656971594937,5.02256736155739,5.42649627953521,4.78747344812868,4.98739880870625,5.64128396277354,5.16007022783518,5.22848524302848,4.95428486685919,5.046357238217,4.84336204860485,4.69001151332318,5.29493451342175,6.27403063511612,4.79321884149736,5.31720829565595,4.85943548890259,5.53272243095501,4.94858921676702,5.12883517048548,5.35873706748787,5.28141991422125,4.73690011162489,4.87502727254709,5.02922960075668,5.86462974086727,4.78222260536692,5.34658242509319,4.70028189275481
203706_s_at,7.62040013785102,7.48114726800751,7.11657209756685,7.56537507416473,7.44354047959198,8.30330578479921,7.28272260583471,6.62455208584913,6.84108947344109,7.33274330773131,7.19982528904235,7.62372154795385,7.3946104327612,7.49719237757693,7.5369108069825,7.13226783871209,7.15144730763872,7.20316856321529,7.2122214241629,7.00033890428963,6.74859826219363,7.03414118385871,7.28121145516495,7.15571730398409,7.3059564652077,7.79420874408377,6.90853351385076,7.85166354015395,7.05201554305665,6.74003615695871,8.27516451203785,6.57539829865316,8.34070980265481,7.49245055680862,8.39459511850164,7.02742782077394,7.6959251514966,7.92697263447948,7.77251678648106,7.19321585777418,8.11314088817878,7.04872010293358
203777_s_at,7.01291032759388,7.05517847185249,6.94699768991681,7.12730670628509,6.92812662038599,7.22220808540056,6.91132978472135,6.64522995309152,6.78960141752109,6.99138533180755,6.75028850067292,6.97776270334436,6.87775374905547,6.92375031595763,6.91675611198888,7.05732976800694,6.97719719081985,7.0925591096357,6.91803465818476,6.98453560375477,7.04956936961192,6.92784420550313,7.09500326857402,6.85673555616284,7.3192453733665,7.26668404700108,7.09357053782904,7.43465211154611,6.70539109836423,6.96478464449033,7.07049156954128,6.67883826555631,6.66136737459669,7.01170315328437,6.71985942187487,6.87789137462201,7.76249719119144,6.95091951159259,7.05732976800694,6.68904292937469,6.94961023914713,7.50850000504211
203809_s_at,5.97631772963047,5.98718515215666,6.33176580549949,6.15673077807903,5.97478342558749,5.80302138785588,6.01812902836702,6.41124347087291,6.39684743559523,5.70370456049898,6.18848589456223,5.62595664880122,5.66567352569663,5.76814296373194,5.848105037066,5.62572615377621,5.91696522996471,6.42435267504683,5.94982877887867,6.16608284571854,6.15217695944821,6.43137355141518,6.42626956375114,6.55601257110855,6.49771917448163,6.26732921477278,6.21033342527454,6.03562203711598,6.29331852749308,6.64790946368007,6.47414570603261,5.80242954453008,6.28298002966242,5.98321472031419,6.85821280062534,6.81033570077766,5.90960905117059,6.33397711822632,6.09430984344884,5.99512537995607,6.32474658963942,6.57427545538652
203987_at,8.07099549433482,8.11000334273048,7.46722111493291,7.90900478058703,7.73539901705423,8.79126255578567,7.79293321863306,7.94645037578951,7.9637539286894,7.65939926005634,7.49138601178864,8.53447999638001,7.86718040098909,7.3681733508931,7.73028652453305,7.33839562863382,7.66449253256817,7.5790243472035,7.68412987733962,7.83504483233815,7.58662903668153,7.7590491267005,8.09263653616392,6.75935083369302,8.2692089273407,8.20455010964424,7.23096452794682,7.79331962262347,7.81978294322065,7.16044482859375,7.51320093225323,7.8971910292251,8.20640775802693,7.79293321863306,8.49509204417972,7.21675392220113,7.8273660709254,8.09120298942749,7.39399190776079,8.08991087558265,7.31203858131282,7.72589336598904
204053_x_at,3.50898453264478,3.45760077221626,3.43064341093717,3.33772450273727,3.4738564894353,3.19221359275385,3.52982191263937,3.45118290366135,3.51813880912543,3.51409260633241,3.35942460033227,3.33505567918713,3.43322427681123,3.36793915844072,3.50074470106778,3.55472364938548,3.51997587760652,3.56921212630575,3.60927062308975,3.67157806159093,3.65354362347862,3.49541399279156,3.55711315568849,3.45594962050864,3.63020301984392,3.18454657959625,3.56779220520711,3.49745138819263,3.50857918046256,3.89357475356141,3.50857918046256,3.18037340887594,3.55040475344234,3.62500403866762,3.27445007953544,3.5598151435037,3.41528802731973,3.44850900734778,3.2497144267748,3.44308722979416,3.71733012551743,3.64730610557513
204062_s_at,6.64595382091534,7.16183151773349,7.22856034704978,6.77604101807569,7.4719642563235,7.6345104123557,7.6441658343282,6.74547520228697,6.14368345430644,7.24703427172732,7.5064712910534,7.04991675055147,7.29074545244173,7.81586101108408,6.88431015534296,7.40324223552311,7.13408173978493,4.76966989392255,7.0860935539848,5.6466651314692,6.59552105516609,6.51715048429785,6.3295951733073,6.83962229630626,5.1355571967698,5.89439003224941,7.25736687780907,6.39110051606467,6.64190319676439,5.66952420730515,7.3309308294759,6.74526084143618,7.41913672520741,5.92634957692792,5.68241572385172,5.97263427870497,7.78589049025724,6.8703513376627,6.01369456649446,6.38404085563024,5.50573750248557,6.47786083254488
204292_x_at,7.60242806419057,6.4676500033046,6.5463260087931,6.27957757271682,6.0617004879614,6.07710034368142,6.78073778854851,6.05271600959901,5.60004098902486,6.40201937874565,6.18687353005944,4.99450315902069,7.16938416429481,7.36847374331476,6.33349875789376,6.62304204703157,7.00588590946905,6.5158824351088,6.69372308097457,5.95839371103631,5.68804604548522,7.01029790673678,6.54714804284365,6.50594260725502,6.04474464052019,6.1842153440865,5.69029452057252,5.65386246660985,5.7962027462912,6.1050104208131,6.06038908803132,5.35343785636975,4.61247199294941,6.20468361395188,5.06327807373581,5.14021782923714,5.77096604894732,5.83926196339079,5.26326115036481,7.40598588222361,5.2253321917552,5.10072750061815
204369_at,7.18392658598692,7.13624171336284,7.02572125959203,7.31741562710063,7.19172836825175,7.77575209272586,7.02004195578897,7.09728961988753,7.79471268828703,7.04956936961192,7.15990173748044,8.23280578490066,7.10839539357155,6.9460085289463,6.85494831751331,6.77516645405759,6.4595308299141,6.70815803153342,6.99935122100424,7.33128808487608,7.02672015521782,7.09425894496008,7.37068166521714,7.60276646191635,7.18341921107963,7.6850459241339,8.22640899292634,7.58560997306324,7.27127004642971,7.7816619514818,7.62301771444437,7.67854739526399,7.85000499998902,7.09897789408994,7.34483254433436,7.23749918394886,7.00323995338889,7.53382268769693,8.03462077694923,7.0620910595889,7.97015893534727,7.11631051976493
204452_s_at,4.36340175403427,4.45124853981484,4.41212199987979,4.46801567919012,4.46453802312825,4.63810805312508,4.30149934900579,4.54485683657734,4.42023351351431,4.03125767226103,4.35658806826184,4.14360169237663,3.98761100383968,3.97529662293379,3.94655591163718,4.17719821823721,3.88692865678595,4.22796480527667,4.21572100710486,4.75542960158074,4.71954764864715,4.38322262769177,4.19964507297848,4.35077027961404,4.39654736441045,4.61677679723637,4.23764925655347,4.23272803881781,4.2558244138367,4.49863084758641,4.30354637960217,4.58997334452061,4.81625664872352,4.07789619963802,3.75292656223697,4.01253912369004,4.03036216255043,4.44230811877818,4.43312437020597,4.0689365011178,5.0011106236049,4.53748384956064
204906_at,6.22420759756139,6.26079205094753,6.44910083655925,6.06365571864073,6.03667142710338,5.9458987034069,6.50864770871412,6.98453560375477,6.22860347023011,6.18641964872805,6.06528174485539,5.7477591656169,6.41978254027039,6.45268582088112,6.37232557688818,6.6067663493582,6.56731830889908,6.50733910112019,6.83289861804934,7.07027089280414,6.59572606360336,6.91376305949616,7.13065316160837,6.62562348382545,6.71985942187487,6.37124581671604,7.36073296690648,6.70629198214269,7.01677385022447,5.67655829037452,6.73302329894781,5.61929853910591,5.86728603583231,7.21675392220113,6.16893349467533,6.65485979388755,6.26989793490844,6.23136916593112,5.46406357340487,7.81047415180456,6.93825392337487,7.04620794998486
205473_at,5.70349993923927,5.71426517085142,5.91696522996471,6.03397530082079,5.8422643713989,5.87859050771613,5.81133719407063,5.86513462200406,6.47706846222149,5.16196045056566,5.46847759650928,5.50506642153771,5.19041992892804,5.13457511268983,5.32337938276879,5.14600142973232,5.17414635639474,5.53322700580079,5.87089795342564,5.54095194950392,5.51739759884371,5.62898898734706,5.66310504430742,5.89599507431371,6.20877751605787,5.81472426614272,5.81275246779528,5.76769203943692,5.66414641482682,6.93970847351207,5.31742843360363,6.30878181910857,5.6485828223573,5.37498951404851,6.17902998627774,5.45984169041325,5.5845042132536,5.80343919714799,6.33812184349202,5.86843571861738,5.66506583783078,5.49702755074662
205540_s_at,6.91905815405925,6.83651490715565,6.79004086217308,6.95710346884053,5.92529050536674,5.58198810271677,7.20087733391139,6.84395134568345,6.34657715132408,7.72960536608279,6.41919690089481,5.88064659389624,7.16594517711956,7.43203758366007,7.54822011104069,7.25592297567905,7.07180293533247,7.13811523139416,7.5835671220192,6.84453571033029,6.68440268785687,6.57017148860991,6.68485187964299,6.86917762177336,7.86057134679314,5.43798412292029,6.76885227430987,5.99749410771422,6.76858807845824,5.5300675529406,8.4254709457354,5.25967161581235,5.09547481194424,6.66855070611723,6.1336118564487,6.79215114814877,6.85940249701193,5.36001202024302,5.21280027422625,7.09674845774701,6.66539325072045,6.64886056225749
205990_s_at,6.30529194946767,6.60770569884057,6.78718200916699,6.19608362303002,7.66698334256059,7.50064448802354,7.67749651538772,7.5799732071709,7.41026892525763,8.71535011324543,8.74454726155284,8.055092659973,9.31549817395764,8.33300509233761,8.2035799443544,9.1952583811202,8.65920761001091,5.3123975638899,7.04872010293358,7.26963435179419,7.27551756992557,7.11657209756685,6.48907767953873,8.10298167295207,5.93049646134852,6.749639411383,7.85771671518601,6.70930939556012,6.34657715132408,6.80022176745507,8.84683923818194,8.4208902253281,9.30637074424287,8.65920761001091,9.96316297713358,9.72912590221275,8.56645400725243,8.78252274844731,9.20827277077553,7.81625470170813,7.35878685775991,7.89089767143869
206270_at,5.7477591656169,5.86927404141724,5.38667855980728,5.90098864906559,5.02021160976722,5.69117807690403,5.95202533448514,5.18959141423659,4.53462708583745,5.11496831560624,5.1634160569151,4.78469938839186,5.20135987925764,5.30339642208073,5.34612455182127,5.77833431996525,5.28202529134467,4.72946688003152,5.31650220526836,5.20761401776891,5.08949035823032,5.246759262786,5.17034019269612,5.16224011990627,5.21280027422625,5.14531872431302,5.23984669188582,4.99135182615738,5.32400141517353,4.4108996434566,4.16143369136443,4.94693022779995,3.99237354418045,5.33328243574315,4.39386482705605,5.86063957291092,4.2273372246658,4.40796637982215,4.04324357711734,5.12929805939925,6.07417832411643,4.8607216850208
206459_s_at,5.82384008308689,6.3540460657035,5.69524324739018,5.6748134025035,5.17073519546505,5.79031668776282,5.92925328084579,5.5577966943341,4.956165466507,6.0918285300026,5.70288407018118,5.5186993437567,5.78631595592556,6.18083534514135,5.79369079926034,6.1685229358129,5.20228078286356,5.58704107458018,5.83022359475273,5.75151920613432,5.65309548131488,5.3007363149048,4.93884157297569,5.10217450171895,4.83310655184136,4.55174141210564,4.7583065873514,4.88375891910947,5.34612455182127,4.54638259362126,5.03309037850041,5.25417276573596,4.85732624535595,5.69029452057252,4.90480142140414,4.43813639032127,5.15804258714875,5.13832650723604,4.58690576176584,4.79545218123238,4.05689656637942,5.33275841981056
206737_at,4.55647988351106,4.65609346731436,4.73024957701499,4.57378999099138,4.35054774054837,4.34255329564358,4.81520847190217,4.54747342556062,3.94312337838526,4.20731001302839,4.03346393549228,4.54815720616304,4.70491059826592,4.73597958413337,4.62213438719633,5.00660787407107,4.32376037114318,4.08350089840887,4.74243463582752,4.70718780073654,4.52717712171658,4.78539151985733,4.56784806716757,5.12733801597644,4.71166222329553,4.78383486884715,5.37390766013245,4.834923422086,5.09416575976858,4.39754592131447,4.52546573327904,3.77674901152415,5.1673331547163,5.06587997524927,3.83958939595397,5.49702755074662,5.40380395570313,3.97820775491498,4.38146882237652,4.40871028607934,5.16132471810425,4.50421180156681
206923_at,6.61717269885816,6.57934681823663,6.68591947490983,6.77310051779272,6.78404365673401,7.06367633394701,6.44349683793113,6.53187887783366,7.12149587750693,6.43751926979246,6.71183735869019,7.56367897314997,6.41325061636399,6.1902646663853,6.26511970103985,6.1768876371581,6.6729029392856,6.56094006417126,6.45926900368862,6.15803973638664,6.31783431280212,6.500248375759,6.69732242352165,6.40661754549885,6.89121956231899,7.04377023119648,6.46507457014097,6.75590842868157,6.66017504137712,7.59331887488647,6.50265786927795,7.33530770208368,7.99301627499626,6.348631098162,7.39227180093102,6.68782666010687,6.52185651655252,6.96883944520198,7.45649067488696,6.64886056225749,6.45995144878962,6.32937604502444
207113_s_at,5.20068960462817,5.3182855469991,6.07207551093452,5.09173278922465,4.88890319276038,4.30584631119109,5.52009855586739,6.11298583381552,4.72736051848135,5.5192336239929,5.98598095509102,4.37677604148808,6.05833894258515,6.37432637856311,5.9904955121322,5.9022870827464,5.43409649068871,5.22958162860186,5.89086267606996,5.49702755074662,6.01990589635639,5.5879910798195,5.01404233864886,5.39477224789882,5.02856931652478,4.45966248941667,5.47035572116743,4.80970372764817,5.09742044363884,5.24867275139014,5.12094500724141,4.4046858771736,4.75963433849272,5.58594026977208,4.25063045928147,5.80224015330172,5.32854063406659,4.59279860007353,4.34418697135364,5.1660829126507,4.93148241653942,6.08981876784152
207163_s_at,7.1730297714922,7.53664951790382,6.96401055032946,7.441384157167,6.40080699152149,6.57722377167426,7.33504186461015,6.63291220940492,6.0893413703958,6.87283728735139,6.50887252099318,5.7188678457419,7.22817748455965,7.69856101877509,6.48428413660661,7.50578268361664,6.67053759326688,7.04548215442684,7.13749847080522,6.72504750655681,6.67096694915087,8.05710275413023,7.02498862777195,7.52555644152775,5.77149038129658,6.30463963596308,6.19979385451498,7.42873046426321,6.0531540457082,5.55981686240319,5.44117550340398,5.09962056497672,6.53730056773125,6.15255234971565,5.48465406847401,6.30529194946767,5.31195000706356,5.82847846790487,4.83443998843456,7.60989588556142,5.1167715464174,6.33988779251019
207639_at,6.22682730461305,7.00207048335708,6.13714524068116,6.22747484191527,5.95224635104113,6.78329130118509,6.48313460693333,5.58774306809773,5.62982119273179,6.15040720498535,5.78609614904224,5.71792354913881,6.59072111185861,6.36364027969297,6.40910329166513,6.93970847351207,6.04156543324683,5.86354963952233,6.1930740989026,5.9261212201095,5.94474555026447,6.36679254962739,6.09278542298518,7.82306694522598,5.30225098943773,6.96556333387287,7.95097810532156,5.96322144606749,7.50724172778805,5.32900151230149,6.87363502166012,6.12170426534825,6.03842592853201,6.12038449013902,5.01122848177916,6.37948191587964,5.63792270465217,5.81857754175223,6.29587111191212,5.64261986167421,6.35833973991098,5.55819194635635
207707_s_at,8.50160084617736,8.75343371215786,8.35961351043064,8.52301026834203,8.41049742921216,8.19539401356763,8.63486149722148,8.14042039827314,8.01870474881175,8.57559649430697,8.17529541537363,8.49933961397504,8.48939310015547,8.30664695651959,8.65748205682394,8.59042573601817,8.01870474881175,7.91710426923262,8.35001659273507,7.94551357601775,7.85980233993756,8.16395300581044,8.38864294579565,7.40712031662933,7.64791734031109,7.59568649672718,8.51383093304084,8.90335658553279,8.44277197678603,5.90883192627566,7.85069622112812,7.61075880082538,7.8730326348407,7.78063934935836,6.86917762177336,7.7837191491574,8.52867753738163,7.87004608617727,6.03379123858301,7.71844221539735,5.69746973408975,7.0464219471912
207709_at,6.64408151809671,6.77516645405759,6.83595924334995,6.86917762177336,6.80721911982074,6.87283728735139,6.68612150417154,6.62541913059753,6.51059539188869,6.70911331586979,6.71940480299517,7.02596622147063,6.55449817199838,6.76885227430987,6.56458966198375,6.71096017934352,6.55824104051868,6.73904948826616,6.69083996866342,6.79671042698976,6.63431777371906,6.95532847586437,6.89474333638917,6.84594767089118,6.46212365926101,7.05072087582792,6.65742084334994,6.63365545736359,6.80072416921092,6.78048245093059,6.41211495249564,6.83200581794408,7.687056214743,7.08314147934647,6.83337153671224,6.53018660784177,6.82458611883781,7.1730297714922,7.59283977232042,6.44375341065257,6.73115281822631,6.80447624265814
207851_s_at,4.76154310745482,4.57604484525481,4.70955053786069,4.58951450435671,4.82538470765819,4.90530643554029,4.52717712171658,4.62885606416485,4.76785518522235,4.24013240818785,4.70396838216617,4.55716371214835,4.437679163232,4.62299612568412,4.45103135899152,4.37897203145584,4.49237821706319,4.51490245310012,4.62178006233796,5.15272450478824,4.69326410757594,4.58838408841699,4.63405770790022,4.67873059068244,4.63810805312508,4.66718080894375,4.47938724034086,4.63454735031273,4.66357528513421,4.83466264047453,4.55037770174413,4.80025780629604,4.50453777693524,4.39417124228399,4.31759347737523,4.2389411591998,4.42524805410097,4.55814871442983,5.15121154871941,4.73386709282329,4.99517854009039,4.62591471159489
207957_s_at,4.44369985723616,4.47669080389561,5.2462094565311,4.73412959269581,4.74131475990447,4.3752566992921,4.48036535331445,4.93076931868249,4.73956878019745,4.92074606353401,4.59658395773922,4.70396838216617,4.64186449347157,5.11430462424387,4.90662705325808,4.64573815444059,4.66164064780921,4.67968859272453,5.21858618694974,4.51893547527751,4.67968859272453,4.66019869555372,4.29654370867107,4.89816820735474,4.51967939321037,4.32566717080767,4.66931147892409,4.20679505413768,4.5670064609078,4.37849304350772,4.55598796882971,4.54769369551793,3.88478446529395,4.33410470907003,4.47571845309761,4.53609984012853,4.38516612898245,4.18160670123604,4.35730647489814,4.56012423608412,4.31646353249133,4.45990829648488
208351_s_at,6.57214749571157,6.43303611502137,6.50733910112019,6.73904948826616,6.68634306642923,6.88928001549162,6.93002561029805,6.65530963117965,7.07396737335079,7.52169370687008,7.17571934168908,7.09357053782904,7.29903528758659,6.95009257229764,7.29437029719013,7.53353230529763,7.54861448223469,7.00148146863772,6.45746124777629,6.59117777655255,6.62833149801582,6.76465923408397,6.93109010843642,6.55030823634863,6.7372156793896,6.91019548890721,6.60004872324894,6.72081635607113,6.54903784210073,6.9556025811055,7.47032234845559,7.29691180886893,7.92361794198017,7.35990012052974,8.73459244610655,7.22475509840322,7.42571398533463,7.97567721326654,8.11801361973919,6.61162483896686,6.52691866083758,6.28408148812406
208570_at,6.96330190806942,7.08267289035862,7.09645418129134,7.10063725641076,6.59439341382689,6.77604101807569,7.26036328016884,6.64095442185968,7.05908551082894,6.9284643538426,7.27459530866985,6.44910083655925,6.49565641066213,7.26830737956916,6.62129914597112,6.92281251231302,6.69215711833315,7.16534452150566,6.79818997494002,6.62896948438351,6.99162395884987,6.41738658883607,6.03118654298258,6.57328740642691,6.27261911202925,6.74455854601099,5.98000367492966,5.9050163154886,5.94531371234171,6.1421741673694,6.31028601720363,7.06691294474046,6.50923081992754,6.47520908310103,6.85079149414073,5.83709615141126,5.92055858687474,6.92404481833715,7.69121398528002,6.65530963117965,5.95202533448514,5.38829614994513
208678_at,4.51136459984556,4.70348890125501,3.63299412324415,4.63196877421453,3.95317768495219,3.90419468145858,4.1181143051385,4.13147609356347,3.65418926131754,4.46453802312825,3.88660735169577,3.55472364938548,5.35960853287934,4.39707399361256,3.8715946255193,4.90891557287627,5.12793930362697,4.22979919050041,4.50835885689638,3.87753094444734,3.93011741772975,5.08022477492337,4.71864010812065,5.04165726417702,3.54872779073574,4.59995011324925,5.26269079892311,4.21425318095782,4.85464062024434,3.59251746728209,3.81597166139302,3.29577004698699,3.41044684963148,5.09610902619573,3.66467471301246,3.7523716684919,4.44175834355877,4.02637981013567,3.75530990538389,3.71903505166859,3.96392154610309,4.27167840637352
208898_at,6.87971627531571,7.15915421530471,6.94642898657644,6.87122454664629,6.596355832901,6.08848300564444,7.34023023676877,7.17851235810783,6.42000238338126,6.60835883412146,5.31742843360363,4.87921855167117,6.60566809409341,6.75155409668041,6.54146740912429,6.67164341152671,6.14278439983859,6.81304669222206,7.53608128713899,7.5835671220192,7.06804566201909,6.00640147500067,4.86399585729386,7.22006706756871,6.61248124263683,5.60084748220155,6.11383387293592,7.28593958480968,6.60453615780225,4.84386883539176,5.83366539423521,4.96092870826642,5.22364088284546,5.51951945660095,4.93534740361359,6.09683958816403,6.61267085961494,4.72344071051231,5.69875069673264,6.89189046756538,5.62604083551066,6.28736260807368
208899_x_at,6.62304204703157,6.47353391021278,6.55749103455341,6.63119747901547,6.49499497483933,7.12102361916141,6.58866853292309,6.40770863865038,7.26668404700108,6.83337153671224,7.11430134342355,7.3931047476666,6.51363654922508,6.70890142205325,6.69161564216123,6.64639524538687,7.13284702307037,6.74723962526382,6.5473712629278,6.66250633286202,6.17166524096941,6.58149432590791,6.95926212361815,6.57847865620716,6.80546444411614,6.90758277605796,6.45813141431916,6.54124220600564,6.49430086023061,7.17712706029469,7.365236724036,7.51676589687844,8.10671616343187,7.00799165325028,8.52125013799506,6.64145981757409,6.83756682605136,7.67687443593134,8.76169117452068,6.81540990222813,6.69593948533071,6.69979490588921
209134_s_at,5.29278137972634,5.09073754437188,5.07763857116218,5.13746964008366,5.30669955949441,5.269056385745,5.13578364574268,5.23138080642341,5.32645026174923,5.32939037007417,5.05004985860857,6.04388987489125,5.09697776415162,5.0241577098357,5.13288831002121,5.22364088284546,5.27149699518219,5.18296473109325,5.17461636489032,5.22216446323626,5.04165726417702,5.15847956367927,5.16454333675989,5.12950327351646,5.30138121979522,5.19537044097588,5.10389563743491,5.25701911157123,5.01800278535521,5.59961815014211,5.17371305221707,5.29565892353252,5.06125739917713,5.01756898067032,5.31361663821622,5.12248475487583,5.28263107753389,5.44716186882583,6.15528970381482,5.17414635639474,5.1855216681755,5.27398440284824
209341_s_at,5.36266942975945,5.35104491887674,5.06587997524927,5.30888828657602,5.33086561274142,5.71839638283972,5.20031824687175,5.28304867326975,5.22241107876904,5.27091430397079,5.29914813260441,6.38923160913787,5.32698596134333,5.25417276573596,5.16196045056566,5.02171150993818,5.02294407589772,5.17414635639474,5.42391525288098,5.05962232363446,5.17885323973297,5.09073754437188,5.3149328157314,5.26490384865015,5.17258659668378,5.58079846828576,5.20609340129818,5.267900780673,5.09375609760845,5.24782490532612,5.29380840198377,6.30529194946767,5.92232915332869,5.21749326712864,6.33864741290852,5.30496575647885,5.11206563700828,5.38764581492117,6.36695593856777,5.22711212194078,5.51739759884371,5.07786720976472
209342_s_at,5.21430542462261,5.27953977929734,5.2342477912016,5.14485137721646,5.29157601034747,5.35343785636975,5.16807758557202,5.01713054019867,5.66814574123469,4.98597705532705,4.77561928968596,5.07786720976472,4.8032849326391,4.90911066617406,4.94124811021854,4.99176265195195,5.03153427555881,5.0310656641747,5.2723186015457,4.97563133755068,4.98519331984551,5.2539501406817,5.22686924518419,5.22309516165242,5.31452218524445,5.07207676455484,5.07163853590214,5.15207797018421,5.19098373808759,6.10078151588925,4.66285066682449,4.87431742363768,5.30496575647885,4.48447858021846,5.246925585831,4.70955053786069,5.18275423465013,5.0884587129229,5.30867112845206,5.29025284008843,5.02294407589772,5.33434979404232
209390_at,6.30753925526463,6.35344943904293,6.24096652783838,6.46163349026241,6.55645064051017,6.75550805846979,6.46720516268133,6.20274385752657,6.70155326812318,6.70249502042441,6.7151907303065,6.87714137802795,6.38341777353883,6.28756329273071,6.31763372597556,6.3540460657035,6.27531972971419,6.39088665002587,6.23996768784262,6.64738471445544,6.54262114025249,6.05071906708593,6.21593391941522,5.9865228807247,6.03995689380754,6.32289931927616,5.80891027839819,6.30103408143486,6.01771030879241,6.10284534761919,6.30503501963687,6.99073666770793,7.40568415236105,6.2685895147473,6.81817859592228,6.15781706183581,6.05229717502432,6.43461686114527,6.34346155115787,6.04408010416602,6.36485325752828,6.21755237705539
209393_s_at,7.04067650046393,6.98109338076804,6.93444046686697,7.07235261837863,7.12176877548205,6.9353654251665,6.85428985826366,7.14797041892491,6.60453615780225,7.20290308114405,6.44979000016228,7.2176263353315,6.91296436938681,7.13550058701818,6.92574200607601,7.03193221954281,7.06346626509377,7.3872124026524,7.11704801802176,7.22307426162288,7.05801581873382,7.31764876172599,7.61739021132859,7.52492972985168,9.01601624409565,7.30442072999548,8.48004373869337,7.05096246833951,7.5252280229385,6.57254765329106,7.80321351151184,6.57781023215852,6.75590842868157,7.27229978625652,7.40230472221347,7.61567584723423,7.3257055818222,6.73014257440948,6.63431777371906,7.64876989282986,7.45819360473782,7.34191283280273
209528_s_at,7.13780492933996,7.59232755102859,7.03726893281047,6.73257820893978,6.92574200607601,6.43626400425893,7.46013690169929,6.78446443893321,6.34184868723422,7.05378058559639,7.2518736922104,6.26926007988378,7.13205580394559,7.46077826759053,7.41632152422297,7.28416391972259,6.94106618665613,6.99211438676941,6.70605407026128,6.75469974102452,6.59743330061917,6.79541067257214,7.2797954443726,7.16158875967397,6.31321960398699,6.64314291449702,7.98843944470451,8.57798998213835,6.93492729009727,5.8588574436964,6.96973877329407,6.69161564216123,6.67793206157304,7.15144730763872,5.38946943290706,8.88357983520672,8.67662691328142,6.80423695448717,5.7583119712693,6.73140600166844,7.35403616615311,6.22116063535459
209542_x_at,5.46092173416397,5.51093408208108,5.48607707477885,5.64473661254742,5.52935693464291,5.56053366915559,5.2834541916989,5.45265109947256,6.11143798387666,5.0221377734963,5.34698086607573,5.35960853287934,5.26511481156776,5.07867488498943,5.00338611378003,5.04393452528112,5.02042187672033,5.2078109301865,5.53108073101571,5.40628540892602,5.52419177654728,5.38616742502908,5.68914511502969,5.68535101383485,5.82697712479211,5.63719304764593,5.6060552474001,5.53642114334404,5.41767604319105,6.03525051918431,5.24630278222758,6.12661720976206,5.33902120613256,4.94769941761633,5.64006101163467,5.13972217976504,5.28805605678971,5.51312103474438,6.4035141360613,5.69851061467107,5.57764124868233,5.55181762505218
209666_s_at,5.51251823661967,5.68535101383485,5.84790351098346,5.98543729567239,5.83505518991945,5.73904798086634,6.03779165187296,6.16405411836643,5.88965061683355,5.46161587734715,5.93846446241493,5.96787739346972,5.69248503998811,5.67556094596508,5.70248147197552,5.9887253685436,5.41854609712234,5.84152392856671,6.34657715132408,5.56783129977747,5.65913472032971,5.65660929119316,5.52356979425271,5.53162954013597,5.61257483840777,5.5709268132119,5.43472703263915,5.56505523921506,5.43682657513433,5.47741850160671,5.37572851901761,5.61071928786087,5.40007012936893,5.57369572277874,6.10078151588925,5.42029766109126,5.61718228800663,5.71792354913881,6.00245077434719,5.49015671982642,5.74150490702088,5.52538928802008
209672_s_at,8.20832768720149,8.4348548034231,8.41411578906785,8.14829239992712,8.23480681647645,7.9587297608085,8.14003262674866,8.21735203666742,8.12364266805181,8.24414507477235,8.29809442812305,8.05462345875952,8.14003262674866,7.90090366856682,8.22471653266862,8.03379903686063,8.38944409826905,8.32059204868228,8.13496172010537,8.28736199128518,8.08757230430336,8.53799160463372,8.78916074791446,8.6993485764981,8.80100273913078,8.08582169378148,8.14441510981882,7.80503654882035,8.4505304546779,8.55371177986095,8.65559822880301,7.87148708000185,9.30540907474137,8.11761246897933,9.18364044044574,8.28612815924548,8.2391705041219,8.63087621535244,7.72519793258828,8.14042039827314,8.25988859960193,8.49462817666806
209685_s_at,4.82355444821558,4.48619088765759,4.60114499891279,4.46543051970725,4.49302167961288,4.60619837629333,4.63334503020289,4.54721716507737,4.99627949909635,4.37383006698101,4.57950350843787,4.85793260031022,4.63033933020206,4.48666828294302,4.41568165544061,4.30553740334948,4.56033578414703,4.68854390269795,4.46964487277256,4.89385381105623,4.64142274788284,4.51032753045773,4.80630951759519,4.44431000852903,4.59778779332801,4.64767724134709,4.56588588328221,4.58243923795438,4.49519568545329,4.37766328631172,4.73285819446999,5.0797908693804,4.95281118481907,4.84242594625523,5.20525281846379,4.47431810052544,4.61086908855635,5.04244461541335,5.27603687070252,4.66943067742329,4.94703312190838,4.75377363590724
209799_at,5.51354048079968,5.54599096919297,5.51628745962062,5.60146713386364,5.59730750669463,5.8422643713989,5.55700614239378,5.41032472831704,6.15761200124719,5.49781395999557,5.30244989401183,5.98904211457574,5.50215488511857,5.24552036695162,5.64416749340463,5.30956170279834,5.35665154817684,5.70187005958999,5.40992040381715,5.56038223514275,5.29256249545708,5.35980790624476,5.54529523787642,6.05357912724423,5.60351572246546,5.40232330169601,5.30849231587062,5.66076510657131,5.46749888850831,6.1070558493659,5.44697501966815,5.54774058302438,6.54545349110747,5.29002824618518,6.40059940580034,5.49085694957432,5.28718656312269,5.88597253580274,6.56648735802973,5.69349112696596,5.900793762193,5.55700614239378
209945_s_at,8.80962575196197,9.06013245692478,9.56090503784394,8.88054352456098,10.0030269171511,9.37329728888239,9.26451005249523,9.07334052607373,9.69352812078899,8.88631097437236,8.41784414688138,9.52395153333618,9.02513297135685,8.40944730204656,9.09898365069973,9.13154306349826,8.93104213811055,8.57918882332715,9.12198596160709,9.28917977701055,9.22987989982522,8.65226033915064,8.83697354757167,8.73270674462717,8.37919383467714,9.18364044044574,8.84466243928958,8.92696191361722,8.89761249272555,8.9575556773592,8.54348245456206,8.33671865098924,8.57559649430697,8.32488994400619,8.45027533567532,8.35001659273507,9.05929751566527,8.94098077925992,8.54409118178033,8.77409687520368,9.60187218970016,8.56240566176128
210220_at,8.72112255909502,8.63595846640927,8.94032731299227,9.00757676417784,9.14585715791137,8.37592128757421,8.74325905741779,8.76789415744628,8.94505694025145,9.16954060716218,8.83552294208247,8.58368724645528,8.5616826401881,8.78680053926292,8.82328994550791,8.78328848253163,9.11304479113916,8.956809730565,8.8474912252682,9.2639647555657,9.21042112584432,9.2265337211414,9.37329728888239,9.30637074424287,9.38462788003588,9.08618767125872,9.90311551762561,8.83033702295151,8.86559399651853,9.23084834183583,9.1990695210294,9.20648617770238,8.68761914615254,9.03496326138138,9.35883604989527,9.39950069995578,9.15687794265241,9.03930832440093,9.37706562627916,8.99178068724468,9.86127196788368,10.0170422017794
210248_at,3.90293959034264,4.06855531560523,3.93557130046608,4.02249786585822,3.96576858629275,4.10900553402832,3.82727562245507,3.87090564603455,3.93976259057976,4.02747327475213,3.83013205336486,4.04298845976746,4.11843604955153,3.86275977110045,4.07555026207795,3.90390682806623,4.17719821823721,3.86312467718801,3.97642650557903,4.10165376296372,3.94594800371697,3.94188998063189,3.79191664947183,3.85941599312304,4.00584612785362,3.88789308823465,3.87546998969758,4.03521269978391,4.06476284312196,4.03474588612276,4.32520053256539,4.52125826585835,4.0695900297862,4.01847792661383,4.63841152306847,4.18218112798954,4.08319314111537,4.1271945497308,4.61007432978217,3.99355839414316,4.04117601042107,4.08319314111537
210567_s_at,7.79224775205862,7.73307684617047,7.1156270665399,7.57932113869565,7.80071021606845,8.06236412510273,7.3719131320533,6.65436208176236,8.03890587064605,7.43260203945449,8.06273737438475,8.35198022424556,7.74888563660381,7.82306694522598,7.45981134463243,7.48733781964942,7.26586739271559,6.99024871997302,7.21732998613445,6.59763019984016,6.67147009055061,7.50517812489394,8.14744387356042,7.07291872754124,6.2998796515618,8.00593832512068,6.83855936243786,8.41884964726348,7.83603052180161,7.3902193715154,7.28762753462434,7.77311601107315,9.08229925054312,7.92207316901277,8.99577704163383,7.31852419036778,8.53082467142811,8.44063283374099,9.86448164651904,7.70038121271066,6.04949576882961,7.16799462727867
210672_s_at,6.00474149120379,5.96884440089226,6.22357491377021,6.0940949473881,5.92055858687474,5.3076473070098,6.05813882884778,5.9906666396001,5.24408133451428,5.19838626965189,5.45773594647733,5.46847759650928,5.20881358488925,5.35940420846809,5.51830599839581,6.0785176340361,5.47961234047472,5.63105215395403,6.01160122791896,5.54757718683531,6.05536947752919,5.39848996029432,5.27430701939163,4.67775683050969,5.01599284102515,4.91674962014745,4.67371120052912,5.2539501406817,5.03948075744321,4.14521164485254,4.36181560048126,5.99835496281687,4.05930312213447,5.046357238217,4.17169776615863,4.24156201416368,4.52993851409871,4.14924459321442,4.38332196448249,4.77516081584602,4.13147609356347,4.44431000852903
211027_s_at,7.3257055818222,6.98138338814572,7.18173222183691,7.30277301884827,6.89426938490126,6.59674670341409,7.10989602646857,7.61208226946488,7.01360722103775,7.09645418129134,6.90369033920268,5.96614367348659,6.9353654251665,7.26931258769865,6.93670839572701,7.27661976299792,7.00045527819057,7.46519853983457,7.36020998519818,7.40437280847553,7.17975974605461,7.70648790737536,7.69891938564128,8.01160787745152,7.86316394757507,7.16668510103344,7.95490515767025,7.44320954748954,7.08387775516447,7.15632213769923,7.34241993766228,5.81661653681488,6.89029908013009,7.426909515429,6.05476933288702,6.9253078016368,6.96525560419638,6.20507196782364,5.681792940184,6.83834178809624,7.61973454265372,7.34344527145957
211230_s_at,4.06565904744944,4.0990950186951,4.03702225137051,4.17628315907737,4.14012071063692,4.26273950249029,3.93011741772975,3.97903393534836,4.38218176846576,3.7397724885516,4.29486043020561,4.13364043520703,3.82222134130014,3.82977712369991,3.7565136488744,3.82285099109585,3.81412621518889,3.98176092695355,4.10785086010503,4.24694522077231,4.02359755148738,3.94161089270609,4.20936888890692,3.92950028204734,4.30813135723501,4.33152515570259,4.02811656822594,4.1134062109975,4.1508456480252,4.3746934339081,4.00890352752403,4.91843860076589,4.38488342146285,3.94252711898537,4.25635435835074,3.90904329833121,4.17282129889716,4.29041358651877,4.78335962155957,4.15217040300788,4.22782832348393,4.01791783183191
211453_s_at,4.64918360355219,4.51893547527751,4.45947776612149,4.61720681818369,4.92547715451235,4.38863114435108,4.49863084758641,4.65213240182575,5.00001284066493,4.70813510582553,4.53648936643248,4.85410125248957,4.55481068815841,4.57525230085239,4.35172058572223,4.51868142413294,4.8672072772703,4.84265863878557,4.87691034541059,4.92507805102454,4.6750940590416,5.30849231587062,4.68330474185097,6.63995598125952,4.67968859272453,4.70415711533493,4.40508724484481,4.59728534466778,6.48862139343333,4.69740213660755,4.84465474069648,4.70406274875055,4.49094629159272,4.82200010952201,5.30806588301336,4.14387332456384,5.27480690800888,4.91935300716902,5.34442678752906,4.73668946683215,6.10526452067813,5.28053464559161
211577_s_at,9.29871967276563,9.24027676750847,9.26051822763392,9.1290474302775,9.20104060151524,9.45057604338624,9.07495921098834,8.90915796662487,9.18741364286574,8.96375567279108,8.96917054325887,8.47159344043972,8.91916617226706,8.91522737082187,8.96835034814481,8.94341318702875,8.8784566392954,9.12198596160709,9.09719637610115,9.25042796500152,9.16498014544471,8.74454726155284,8.82832158147426,8.9610055576799,8.87490878365871,8.74669744937304,9.11799768028822,8.85953286996324,8.83697354757167,8.78087095867681,8.64172280192967,8.84829675325117,8.5922989604602,8.46621084367621,7.90282901567455,8.47395503645972,8.52911331224865,8.54132025550765,8.1571005573147,8.56535541919521,8.64172280192967,8.60831511079363
211578_s_at,8.23480681647645,8.51488651507828,8.75949838304877,8.52592310073354,8.62179807971962,6.90263745233576,8.56482694875857,9.16415373370155,9.12004801395635,8.75804809862752,8.88846599564109,8.35414265168301,9.06352301445721,9.19811993586253,8.94341318702875,8.79389084757079,9.38239745830291,8.98352006796832,9.28088926435167,9.2445588389755,9.57086985347002,8.63022293636273,8.27426274624397,9.18062695168582,8.79058086901981,7.24280212165172,9.33491684444324,8.12962327108025,8.36922998623191,9.76075564418306,9.09993819923486,8.53501074067156,8.39571900235315,8.61274285916115,9.21555411770013,9.03496326138138,9.14485358252281,8.98684466697091,8.91757433503349,9.10179680392945,8.73144970527036,9.43797553032265
211665_s_at,7.24306528331923,7.03878440675596,7.74006992301492,7.22111684384784,7.48551993835019,7.52001123219185,7.49153293958664,8.01160787745152,7.46410450914578,8.2999818156828,8.07230609275842,7.43872840484231,8.11050525816191,7.98182026367762,7.75650971644244,7.87450374522248,8.04276883955331,7.91003283479684,7.55596567806337,8.41347050891413,7.89161621268667,7.98330873617114,8.05593809682168,8.15550184437633,7.78589049025724,7.02545890484087,8.57918882332715,7.19615014353229,7.49094953067933,8.5076735456993,8.56772080835142,7.68208620389702,9.04860272616531,7.84968670766708,8.90563768164446,9.09993819923486,7.97015893534727,8.14042039827314,8.47451562812345,7.64357500531689,7.86928485092307,10.1410186443459
211711_s_at,7.04170446293848,7.11535197649256,7.31542301990363,7.0608908583712,7.08770751458792,7.38049359127145,6.89971366062055,6.85428985826366,7.17411141781021,6.4840719225734,7.21850290486929,7.57865545946509,7.10894542289264,7.14930217088148,7.24386072928025,6.93313772573012,6.83855936243786,7.12127320047583,6.92507745984933,6.63596054883238,6.63665731119758,7.0378193037496,7.32460593939813,7.04524979450537,7.07344334316349,7.31116814465392,6.75061603110419,7.37630174859933,7.01624580189769,6.86212122021088,7.23362891027628,7.50697161838059,7.71135218239184,7.52104322296562,8.28285827521544,6.32138695749258,7.14497459160853,7.32295149917228,7.58989411761066,6.94243668214013,6.71027442502813,6.83081129153135
211724_x_at,7.34569492152261,8.12654146286205,7.93320498556463,7.87794986184789,7.63249237105458,7.54003687046537,7.4554815745624,7.60151638809773,7.02406627899024,7.7255349571958,8.14601571549581,7.80719442910855,7.99169746366989,7.99923296257909,8.27665188411801,8.09555098687496,8.11269206789701,7.83085734738051,7.74316362854274,7.02768309630668,7.22498256424196,8.35658506791227,7.59792943343994,7.56075455632548,9.6970228982506,7.12526642310648,8.1154620749426,9.89816838884793,7.81083299844683,7.02691682577115,7.27127004642971,7.55148861591531,8.14170023525536,9.33491684444324,9.22987989982522,7.10867849629458,8.75072814702347,7.95619239488608,7.09449870659127,7.90624139349198,7.15781760683855,7.01061858825092
212046_x_at,7.78693202860433,7.70321363713947,7.82842629895327,8.06582767778496,7.41913672520741,7.89067993343018,7.35231910642597,7.30711478451303,7.62755406568562,8.22686144028988,8.1506352627146,8.22284783020643,8.18912762191027,8.16882084942912,8.14874996049905,7.9579800315111,7.96118890330139,7.90701370406503,7.48057225403939,7.07631684097733,7.35178980002956,7.29437029719013,7.06259037631898,6.83081129153135,7.5835671220192,7.60461381374711,7.27786374754829,8.03114891342564,7.64806970283686,7.30864953304684,7.19588313081184,7.48366917936657,7.9308044982719,7.91663546670176,7.95490515767025,7.62175365205769,8.14441510981882,7.65268430372096,7.87641554705861,7.42469743563103,7.20526394534721,6.75399598853708
212249_at,7.59568649672718,7.39965514026218,7.03942090309759,7.4851962064215,7.93192880038587,8.4270170330966,7.63748942341642,7.13704735141216,7.16132909828321,6.76133185789602,6.57868769935771,6.61162483896686,7.04170446293848,7.04214927390978,6.78627768050589,7.10210824015925,6.95268281628136,6.66792573039238,7.3033152397711,7.36758957063781,7.5153803564907,7.32175253173661,7.51086551092704,7.7833875016381,7.6194453786501,8.44219223947535,7.56301083682677,8.29171465954773,8.09035167990402,8.1135773700653,7.49306849572845,6.51525767916256,7.16400252861656,7.34880398602745,7.52902133158187,7.50961052922646,7.02992462659593,7.23852072422365,6.42838123860408,8.57971879520756,8.4301250176978,7.67428333249441
212276_at,4.94281911675106,5.09610902619573,4.65232229548009,4.41166442617177,5.09962056497672,4.65809502277073,4.88706405388853,4.50696780419376,4.88794184011498,5.39558771930611,5.82914790180469,6.27286084301309,5.73780384900015,5.56545396606052,5.53642114334404,5.76908526348001,4.70955053786069,4.23847132189584,5.0011106236049,4.18193457760805,4.06503020170397,5.04165726417702,5.36112189966626,4.47843062324694,4.63529128831831,4.76058643015855,5.10459348534116,4.71907167158512,4.78450303263553,4.69855644952541,5.59795491411553,5.24552036695162,6.91352614756349,5.58097397002385,6.45224803271232,5.17718877610993,6.0893413703958,5.93937868433604,5.00092993950241,5.21683209205255,4.58069034833582,4.34367178229339
212607_at,5.5557613777242,5.95416784682445,5.79239403179605,5.58969735960089,5.68572958932401,4.97747133435772,5.73945775384557,5.58904643365031,5.95815806343259,5.56902815426781,5.84163770292031,4.69629969767323,5.89439003224941,5.69621693907737,5.30520629366561,5.32608626995678,5.21455868919706,5.90334244142713,5.78320580930109,5.64279560731618,5.65448313980772,5.49577238984858,5.82955369871511,6.35792729230345,5.93495851494677,4.95259471479079,6.37769744775713,5.44056389286048,5.83325916887132,4.9014995649876,5.87795129895757,5.27559774998172,5.508121503481,5.86950409087336,5.24782490532612,5.43007911464587,5.05585600366664,5.70898156433153,5.92821294847672,5.83222077210187,6.03580557621001,5.62208048103124
212609_s_at,5.43109887480174,5.62286936707996,5.3915981813516,5.10658540760975,5.48209689156183,5.28053464559161,5.10553715631005,5.1884623649507,5.48250993449687,5.36867065099143,5.51354048079968,5.70755675191448,5.551166369797,5.35554414011195,5.59008836437946,5.5284615319726,5.64089956208168,5.26853226821792,5.34308612248921,5.31697821823184,5.45354924913481,6.05437785742934,5.63535678316651,5.46847759650928,5.55508246380675,5.68914511502969,5.57501792008638,5.50466426262554,5.78693417012906,6.27596318800291,5.917611368005,4.93218713124724,5.68271024318147,5.94474555026447,7.01906759960129,5.75284106408058,5.90903047316211,5.91966259349804,6.41167865483876,5.82914790180469,6.15897709439713,6.74547520228697
212780_at,6.01545334828771,5.85071823457651,6.19688112615983,5.73411970465619,5.29380840198377,4.75854835795918,6.19647272793033,5.70370456049898,5.87980313347588,6.55555692382658,6.28900177095185,4.88836980586796,5.5879910798195,6.37813985482807,6.20914217212974,5.93495851494677,7.3821846194598,6.5108550095886,6.20897650708051,5.66648926334361,5.63792270465217,6.88879914140801,6.15062149612828,6.5015105619376,5.58327905066931,5.42830090601996,5.45890513625767,5.71137774727982,6.57966269648282,4.35383472923968,5.52648376458702,5.74493821438024,5.92862388501116,6.37003846159091,4.83704141144136,4.72946688003152,4.69349673110677,6.48428413660661,5.22121138736442,7.59331887488647,4.65592068856715,4.44348978302251
212912_at,4.73570256830723,5.19605214511679,5.00880366711604,4.67128578128971,4.72622025236184,4.93777114373558,5.12752802769383,4.73690011162489,4.15165820021139,4.50782802456139,4.54438360297731,4.37235264477359,5.00639438582995,4.90751871977032,5.07867488498943,5.10435166539281,4.74084848786937,4.38754654595014,5.09456113459404,4.46916170799361,4.1842476416377,4.76462460441222,4.66718080894375,5.23384120057652,4.5116500270141,4.35704156351558,4.98301023825923,5.2361558172469,5.09224584259608,4.08228393456672,4.79522836127506,3.68117541853486,4.02049442868128,4.76665920901883,4.05044348899799,4.76551246518533,4.31851579296566,4.19928165378456,4.11426641063067,4.82965756447253,4.44851843628097,4.38570639574368
212983_at,4.05044348899799,3.94815951077932,3.99091490445804,4.07963476329955,4.10416797598287,4.12372206306976,4.15192850481584,4.01428172502188,4.02021293765561,4.048873075719,4.15139611663321,3.87982638394943,3.9079775020275,3.64317071881494,3.98176092695355,4.3591914935641,4.0695900297862,4.14360169237663,4.19652066491203,4.08868810259132,4.21079007551646,4.29307478149873,4.23032832205698,4.03213412292448,4.12836785890892,3.93313628262122,4.47404392941393,4.08690998348384,4.2756494186373,4.25275973511326,3.60787203873027,3.84172984520347,4.5732991546813,4.50835885689638,3.76551830798643,4.32596359156316,4.5896293242598,3.95751353354342,4.08528644877112,4.2580029595654,4.56856474433302,4.50954430381047
213404_s_at,6.10181001057875,5.92018619422845,5.75226908546428,6.02943810743785,6.17166524096941,6.06930809341241,6.64454248495034,6.01944856767533,5.80302138785588,6.02161815565968,6.22357491377021,5.66436641446563,6.46317253677324,6.22261677573548,6.01424209920835,6.42730025722011,6.2190753423324,5.48875746397251,6.09148069236625,6.29883804121723,6.19912277268506,6.01625978216952,6.29632333747012,6.12685826085796,5.66648926334361,6.17536684927064,6.81586961334435,6.16040812289782,6.03973532840762,6.99513347893778,6.37062575383809,6.10951361557548,6.82863566401845,6.28900177095185,7.32323523535156,7.23991321077828,6.18194092653266,6.64839491570209,6.82669702979656,6.34566361278439,6.93802717535787,7.10920201915432
213409_s_at,6.05392262199531,6.1685229358129,5.47270669849604,5.94549459138626,5.76673034814131,7.14057069454828,5.92700548738601,5.80200062135395,5.84973502280945,6.28408148812406,5.67753435851698,6.2995921473293,6.22443675437935,5.8124746950632,5.6683156098721,5.60864365690662,5.98517150695065,5.28119747839025,5.57150702544468,6.21062288387111,6.20486001185517,5.88474020950513,5.7820928678204,5.87050472980618,5.31016293153923,5.82225477490145,5.3605770158667,5.85226916982755,6.14902267229423,5.47189313223076,5.10617153058548,5.31173646548092,6.14672610558072,6.19350927070176,5.61095092493986,6.0179401871316,5.15958055947597,6.19167032737622,6.17495838566431,5.49315269446967,6.18848589456223,5.44056389286048
213425_at,6.29463968989845,6.08958716349186,5.89503070269422,5.82890356009684,6.06102383184168,6.47914225984833,6.05458212137703,5.79501993579279,6.0380159130337,5.9476127044996,5.73048368239092,6.30103408143486,6.01027584266838,5.95815806343259,5.91670070415283,5.88905295412361,5.7820928678204,5.84029050675538,5.84076132723156,6.02575646281921,6.01432874927016,5.76221834352682,5.67867707155753,5.80597318646332,5.65660929119316,5.77647321392937,5.83571190673712,6.07167968531744,5.92002464376575,6.06038908803132,5.50791834475867,5.88108722111251,6.09148069236625,5.63223076722319,6.19197145005409,5.65775083816181,5.64473661254742,5.8220172627283,6.16809364253404,5.4035509911266,5.94338922983036,5.56902815426781
213490_s_at,6.82218428929615,6.91727377234772,6.85766355436513,6.90410092403719,6.54280160556396,6.77445490749689,7.29768147869511,6.89611861592932,6.34504100369891,7.16318371880887,6.60318045939278,6.44419760252246,7.33942126200949,6.98591151337511,6.85517213834723,7.13727653244924,6.66062549324693,6.86518132876251,6.94434738009976,6.87971627531571,6.74043102764084,7.12328008282893,6.91573365345338,6.96041875211221,6.75974646253582,6.78022322948712,7.0380842361349,6.87100509684638,6.81730529540603,6.10745025975993,6.60028265513779,5.67056025938314,6.42599602587217,6.92759554091762,6.21322503056414,7.09909820590194,6.62874013290192,6.73235754508306,4.94577673548068,6.72708617601637,5.51552024804086,6.84594767089118
214762_at,5.17555303535221,5.93495851494677,5.90707399637626,5.514741678759,5.3846395903412,5.46583249894372,5.6944111591998,5.78583888343553,5.92466587746016,5.61650636592808,6.01160122791896,5.86437836225428,5.72734229839088,6.36233162010442,5.52757453849097,5.69073286573002,5.69746973408975,5.9484010750839,5.20951883716095,5.84502230837068,5.77212630674093,5.66669014039638,5.68203095089912,5.48895139032343,5.82140410142077,5.1955562430794,5.77297020691659,5.50045517340977,5.25370504248917,5.53512460839048,5.84478327224239,6.09148069236625,5.68413936804865,6.56707502091997,6.16870630662066,5.6652773851391,5.99399179017939,5.69382982792803,6.15423742952219,5.03972275986799,5.48764265495254,5.45466738756938
214917_at,8.73073211510811,8.55997582360953,8.73575434571893,8.64663461269599,8.94923758916932,8.95828993330018,8.46953290051613,8.47959215526034,8.89072560965354,8.6376805260583,8.8556532667294,8.88553936422361,8.4034009161937,8.37500152809549,8.6534423856061,8.4486173286343,8.31642456823862,8.65920761001091,8.32379970736357,8.87087947889413,8.81849484731102,8.07099549433482,8.32922876532179,8.54518003953369,8.2446394535462,8.80100273913078,8.10263083850648,8.52026055848647,8.30240246851899,8.87490878365871,8.39860441968266,9.08801833763392,9.01868072268938,7.99695491706333,8.9007203676069,8.37280789862408,8.41007187085775,8.97277325966416,10.4279608030369,8.31970602647121,8.64468852071791,8.61346740868891
214923_at,7.8399453726508,7.48174641170861,7.08339609911959,7.53409699878152,6.6991601604889,6.07976063956314,7.01208850892839,6.76818109002364,6.38947138062872,7.43964925061768,6.99570831787853,6.68465657409117,7.96538076397592,7.44505192537684,6.97206645032521,7.3014815252721,7.55090972136493,6.5870268326959,6.70224469690602,7.12223514423579,7.05541793424069,6.81793759484593,5.97115225401247,6.65697191515561,6.38733357805475,5.64839325417168,5.82106823561983,6.02511226835875,6.06698040422572,4.98186881104727,5.85406963192864,7.48806249504313,5.62521610992237,6.43534259241739,5.41807256618473,6.19912277268506,6.14472408014079,5.99730090789628,5.75999248643922,5.90547182193199,5.28141991422125,6.26421143287762
215194_at,4.90662705325808,4.78335962155957,4.79618690482057,5.10217450171895,4.64207777062382,5.09610902619573,4.64918360355219,4.89592327706157,4.89385381105623,5.08949035823032,4.75554241401816,5.64937499426828,4.53609984012853,4.76102868090596,5.00338611378003,4.81187256441113,5.09742044363884,5.16111973951572,4.9766289445653,4.81887246950219,4.7788719601506,4.66847109561212,4.62407292077619,4.93752905179578,4.91446794532988,4.43424982562208,4.96660619523546,4.68881115017255,4.72874456475761,4.44027820852188,5.00264522399465,5.35788409720444,5.27974758965182,5.06264956031347,5.07140457531629,4.86997631016341,4.77750634362447,5.02109112139393,5.22364088284546,4.93194090172675,4.50858354235349,4.52689230930809
215624_at,6.6999762747714,6.756156388592,6.55705444922921,6.78627768050589,6.62081571194938,6.63751236765602,6.74003615695871,5.78969273886853,6.27053579648919,6.1599725374674,5.92271111679266,6.22663406684299,6.69732242352165,6.34033649478045,6.58607963899569,6.78446443893321,6.05271600959901,5.93049646134852,6.45792144465832,6.27384791933719,6.4358151079054,5.70482796676021,5.889471687721,5.52629580400299,5.04675103999558,5.634561712162,4.91259421336728,5.78771439345788,5.80909653234671,4.98141754405032,4.76462460441222,6.34612159896545,5.59065340726077,5.74476358393219,5.01019032173353,5.37062403397164,5.73294195842815,5.42874242665087,5.11910825337787,5.5260801872399,5.62767288495291,5.06125739917713
217575_s_at,3.36962894386069,3.50620217917278,3.51381159487564,3.61753373332651,3.50964253394753,3.72224624494986,3.63196269944237,3.51777838585685,3.67616305500449,3.75269215853007,3.94005564491454,3.68153162007233,3.75030761752605,3.77216907746384,3.56369199637927,3.66374017634488,3.67971377726007,3.66692597023157,3.59908146979631,3.33811341386618,3.60890825343912,3.55371795253488,3.53517275049708,3.58766529526211,3.78499896809175,3.65354362347862,3.62696025158332,3.67971377726007,3.46090220163883,3.65046371642182,3.80218401915313,4.12950041746738,4.19305731024516,3.79468639995067,4.75480058626984,3.82884093243944,4.0866511275584,3.72581817215954,4.85662277436641,3.78022446462147,3.60749451999124,3.64901726574874
217620_s_at,6.23431678998738,5.89543177688886,5.99167762774141,6.22523929586084,5.84375956690527,5.38946943290706,6.34712554980712,6.09085750347169,5.34196528608675,5.33305506758376,5.89338709933155,5.09436124135209,5.6586491351738,5.99512537995607,5.67011221477353,6.37189141363027,5.69268763106742,5.70060350335641,6.13877349482665,5.50838069541487,5.90479756697668,5.85289866481198,5.80829678177505,6.00658762112911,5.41748055760074,5.28876488053063,6.02408610142756,5.60662496073418,5.97977590068009,4.99610309671387,5.34354603587877,5.31038163615686,4.71682894750712,5.6966893913188,5.06285027589922,5.72487040080348,5.66265628544823,5.02605022893169,5.0575500973708,5.63126825312259,5.75089891361823,5.63041707976473
217644_s_at,6.85125571488638,7.10417960015577,6.59415647815395,6.596355832901,6.92993275155636,6.97280037848162,6.90588323108172,6.7505292663655,6.43168920471926,6.80378410529301,6.85383682514699,7.15172153899605,6.95631781348247,6.94480190074358,6.75311167505997,6.92868036075603,6.68812911644132,6.83258880849476,6.50677286004882,6.51234823315362,6.57799097112669,7.10293401292644,6.79559528533044,7.55451979099392,6.8198056631809,7.46519853983457,7.41321814730377,7.05304861517589,7.11631051976493,7.09960762089435,6.79279841107495,6.60770569884057,7.7164786173596,7.33965218153998,7.00692946166412,7.16318371880887,7.17130184163374,7.28323688431386,6.50887252099318,6.76956802707978,7.71956682108794,7.02878425397868
217681_at,6.99337012976433,7.12803479388448,6.53681300128908,6.74677763628919,7.16668510103344,7.31455811317357,6.79722210856467,6.108501814845,6.60318045939278,6.77424157431393,6.48751606688044,7.05661915067784,6.72384075165293,6.56931860421288,6.80918822591922,6.72904434534162,6.30142876714979,6.42133952458758,6.6495237138681,6.70777845298917,6.62195632927918,6.21284254770153,6.36383603552531,6.47952764555223,6.33062332207723,6.93038938920342,6.78510623667884,7.13379679559111,7.01580613008261,7.14353987213613,7.10417960015577,6.77932979878507,6.56485413398828,6.27531972971419,6.71590589837613,7.07631684097733,6.54806145788511,6.19893328658382,6.16971531458811,6.27342874949022,6.72708617601637,6.00605568572388
217808_s_at,4.68590518018419,4.34653713760348,4.85750207417647,4.75738705626268,4.89500942409311,5.1167715464174,4.93934344624268,4.67371120052912,4.83359802595334,5.08737789551259,4.81996469205735,4.77822568322932,4.72073710574409,4.83867360237936,4.92641698592295,4.97887028441439,5.30114105269088,5.01079799003905,4.71216864376747,4.34123601804817,4.89058194356568,4.5633198749669,4.78460121051369,4.75132987038487,4.45103135899152,4.66611036143048,4.57006600600976,4.59487843573991,4.64123916619707,4.64767724134709,5.0352710154478,4.84580710973047,4.64252178274278,4.92804022305804,5.09392219182692,4.9400179933162,4.72946688003152,5.00814024701884,4.67038480041736,4.69001151332318,4.27167840637352,4.88890319276038
217873_at,6.81394313367854,6.72593988360116,6.75713401900942,6.6966230982971,6.85343076143263,7.10645318044233,6.92590919650627,7.28734788625406,7.53319065957385,6.92944468653554,7.08463717987384,6.79353138534293,7.00011157561672,6.89793873545632,6.54262114025249,6.9115697098224,7.03073212987172,6.72129751470748,6.84795707019878,7.60529643167525,7.61534939205169,7.02946322459469,7.04745544291311,7.64616715361619,7.08093594309612,7.04721301119278,7.39081748944374,6.68930621339669,7.10522780212577,7.72138351042599,7.55868928641874,6.99536554850268,7.68286373275506,7.06161596479651,7.17071195941687,7.72930221952624,6.87435031549049,7.67749651538772,7.57288460033682,6.9725475433869,7.5128344036678,7.37956859296979
218088_s_at,6.58890243144015,7.12414305083026,7.21706795838966,6.8900169211131,7.06534103295308,6.25847424039853,6.6814461519741,6.86802148295875,6.84617903391898,7.05232335364053,7.08903706940647,7.14623798799207,6.97989976746774,6.87140365510227,7.31455811317357,6.94576372572323,6.64095442185968,7.32539064032125,7.04524979450537,6.88306913653647,6.73381957274828,8.45078557368048,7.35709685879641,6.92691279814933,6.95385591440648,7.02619111321239,6.93802717535787,6.92574200607601,7.15915421530471,7.11221307356566,7.33726611504212,6.83855936243786,8.4034009161937,7.44086744998153,8.08916939224728,7.03364043985074,7.07842211823491,7.10239214209971,6.78866450016532,7.71877701664371,7.09897789408994,7.79678925318726
218291_at,5.47992402586254,6.16809364253404,5.19465437899503,5.54417374978889,5.6006576977701,5.76409638569011,5.4638681642278,5.33614513961836,5.13125442700148,4.74837295073125,5.51177005193123,5.69097653688807,5.27860598368841,5.05796440132454,4.93815640367649,4.7399497893768,5.0258279783317,5.12365936299136,5.08022477492337,5.06627931984532,4.90346266665852,5.24508983286513,5.49826231553178,5.20156162974751,5.02454234351286,5.43190645742841,5.13763984178592,5.42874242665087,6.16020897020954,5.41097333711015,4.79174489731187,5.32088757495933,6.7292245998227,5.17214781524542,5.48193832908056,5.26713978145795,5.19058712884685,5.71862823801176,5.43242824497705,5.43728447959597,5.41729026522027,4.84128877515355
218505_at,5.08078746645721,4.55695073921584,4.88158503879274,4.8555517487875,4.85388995880048,5.19041992892804,4.910378354832,4.91329425451792,5.07703098937513,4.8672072772703,5.0892848571362,4.87431742363768,5.01952990141032,4.96504410716968,4.89859491632753,4.93384107399735,4.96077200696723,5.20442540831582,4.7975824868994,5.15446561874104,5.1206995535216,4.96852473168311,5.11544027360711,4.98810965032343,4.98435652131547,5.02946120548634,5.89680000143352,5.03651337087936,5.04165726417702,5.32900151230149,5.41121526647913,5.34127408391517,5.34285290493106,5.00765658989905,5.07327521873648,5.41893519297448,5.42213745847696,4.88950428056055,5.23798143203838,4.71516360036632,5.58346255565399,5.06432099238363
218665_at,6.24980050174117,6.48428413660661,6.33838272457749,6.37621489286203,6.39547649341808,6.50657639905171,6.35124521363336,6.62855484431217,6.25658924372059,6.15589239299146,6.16166599330613,6.01323993090062,6.25790028235565,5.59419583186846,6.09597999518443,6.04733953294202,6.35243160249106,6.21781355220377,6.61492685522068,6.38947138062872,6.84986339304318,6.40372741529046,6.53965205781635,6.71965585628064,6.77911248976499,6.28756329273071,7.18314175565286,6.231759313826,6.46256055177476,7.39081748944374,5.96411521936554,6.24308921780045,6.28942259803777,6.11167551274462,6.01700486476043,6.89236370435677,5.8220172627283,6.07710034368142,5.48401525842594,6.70605407026128,6.90015541882195,6.70930939556012
218759_at,8.83839953670891,8.63393707854913,8.55317914010994,9.12839217556787,8.48685703824255,8.49299345112647,8.87976089013032,9.04288228145859,8.59766515315479,8.43642815267343,8.04482327586671,7.61046424015236,8.50592367911388,8.47609980307818,8.5246874236467,8.4577859881136,8.42461568803982,8.64172280192967,8.8556532667294,9.0510418129144,9.15892948760111,8.8568277111251,8.28519341011027,8.88704355833209,8.46892473469249,8.45540216340899,9.38787990248663,8.86774355239699,8.6549432312637,8.78608807191907,8.58693038282473,8.2950925893882,6.82941449943044,8.35700062582113,6.77078412674736,8.0834823928043,8.51611997993589,7.48847509374779,6.91675611198888,8.68021094019453,9.47275537298602,8.67160179290536
218858_at,7.70004428273164,7.43439335986642,7.23151672141601,7.83085734738051,6.680441760188,7.0682628151372,7.5237624536401,7.78855138731829,7.10542166605117,7.21495144048737,6.81817859592228,6.0785176340361,7.33504186461015,7.567231689856,7.32937090605849,7.29712646158338,7.21040718049635,7.39227180093102,7.95654489701943,7.62467808185445,7.71135218239184,7.75680920413686,7.4554815745624,7.22361829003438,7.71919126186367,6.83606006313546,8.09164986089904,7.61534939205169,7.35709685879641,6.30503501963687,7.31344718265869,6.5891366548404,5.77396122698663,7.02924454149381,6.01240845692893,7.54861448223469,6.97328668666688,6.57254765329106,5.52232949057352,7.59088761694725,8.42815776391612,8.07438138758195
219168_s_at,8.49509204417972,8.57684944571166,8.17846100390469,8.50374257870273,8.82624597098022,9.15279239872714,8.9457767980176,8.14354326423617,8.35252392850501,8.20047795688462,8.24963833869541,8.99758794417057,8.55997582360953,8.42654162098716,8.31460296474397,8.49755959155475,8.31789699813511,8.21181698238714,8.39155645197757,9.06788670838496,8.74738851861124,7.91175301982075,8.38991493140416,7.98047358769418,8.12570260118338,8.82968007727864,7.92955295703983,8.2167794794342,8.6101993618355,8.48612885086914,8.23831120678075,8.81278944283255,8.5108826284054,8.13138062172938,9.06096611588826,8.11931885470808,8.34170653684555,8.39629202666407,8.78328848253163,8.59338196672636,9.05929751566527,8.79890911467642
219393_s_at,7.40230472221347,7.20362250242781,7.0440480272265,7.6140734394489,7.42061080923326,7.41402245051115,7.24253108934389,7.23337468236154,7.39435515616261,6.86873490398108,6.6097778585198,6.87789137462201,6.92454693360605,6.32917483889984,6.54217344529689,6.58607963899569,6.6237528732909,7.04899927282711,7.30114062720446,7.49540923999197,7.49306849572845,7.14879159321189,7.32062526561014,7.87265179336969,8.27380333919063,7.92939537864341,7.26728188841136,8.02435072479677,7.41827719724633,7.84179190892473,7.62660337281088,7.14035650186854,6.12253851847066,6.56648735802973,6.73832527735897,7.35906288698449,7.3375770825584,6.91623446632283,6.35805702808452,7.48791803430808,8.54753966295715,8.23280578490066
219599_at,4.80381458074388,4.78450303263553,4.88890319276038,4.91393171386903,4.97604634602926,4.83028718856404,4.65038775461321,4.87089000455948,5.05894595119263,4.42475923206667,4.5134111818802,4.91955827402246,4.68830911249168,4.69981737879446,4.69484693167276,4.53069430989218,4.72569070558526,4.86974629273691,4.7639890177525,4.94421098731188,4.93169881210757,4.97337061942282,4.94307535535543,5.046357238217,5.00072135780075,4.4542425616485,4.93794278595826,4.66826812441028,4.89274555860409,5.52145528366828,4.66206679231351,4.8367272297645,4.60398930936094,4.59930496274101,4.74365430309905,4.57625812007699,4.74862034659937,4.84492615094804,5.36286315468056,4.84291156134125,5.18153120798449,4.92436406377244
219764_at,8.74056738237506,8.27859619747016,8.39571900235315,7.98805088937363,8.48564852772241,7.7056019610234,8.13496172010537,7.6569833908028,8.34109980959391,8.72787375378774,8.59588864489639,8.35759518967949,8.69221940582878,8.66168870403912,9.24748076516837,8.74126088899851,8.37448698965706,8.2353123513934,7.79873903937721,7.83168617688326,8.05174938784911,7.28300542814827,7.22673654219952,7.14746588799767,7.13434632853027,7.08069423603726,7.44535088706424,7.2749289796078,6.97427407820131,6.70979766537119,7.8273660709254,7.82265405885218,8.06758499089975,7.87600430929438,7.90585900840944,7.40965573881514,7.67399648438032,8.15336929413569,7.98068421995837,6.83180763373747,6.34712554980712,6.82766955662807
220587_s_at,5.74612983895576,5.74894449837183,5.93478230306665,5.84769433683384,5.82827466180721,5.77845293992511,5.68620677613519,6.08168479361361,6.37769744775713,5.99362159212604,6.31095149291548,6.47520908310103,6.06083639909687,5.97930412007884,5.90732382443068,6.08036825360953,5.92991530836535,5.9970592938271,5.76682818706813,5.7768703247217,5.89418515659041,5.80162353020049,6.06193660757326,5.93294765164455,5.97452397914078,6.08683421002894,5.70360224986912,5.7820928678204,5.84029050675538,6.04281824536894,6.08784384919698,6.44442699237041,6.42000238338126,5.99399179017939,6.81096802757739,6.23285564638806,5.99579897776875,6.55936670772734,6.93645762131828,5.9863241706781,6.06951848565709,6.1538143824558
220738_s_at,5.9961980035301,5.69895833837078,5.78826478488129,5.73313048573656,5.62505532716315,5.61892986661518,5.73644761608309,5.55900970026647,5.22686924518419,6.33397711822632,6.0049802920419,5.95557082743813,5.73873870413488,5.78330645771811,5.55284042516669,6.03422788711921,6.34673322092802,6.12170426534825,5.77712769956506,5.50774157140536,5.75933769767843,7.35261102362869,7.73237326370297,7.16799462727867,8.26321931009528,7.33163405606592,8.44913911962947,7.4719642563235,5.93553141321299,5.32900151230149,7.24703427172732,5.95929582720359,6.23571787786481,7.06748373985769,7.03166524219591,7.85980233993756,8.36114388889114,7.51895855274749,7.15694695440663,8.20551057775403,7.37440619205883,7.18392658598692
221003_s_at,5.78826478488129,5.70349993923927,5.66479583733787,5.58346255565399,5.64261986167421,5.56607464394705,5.68724754666135,5.62658435521794,5.52163702293734,5.2342477912016,5.39298951063197,5.78491882524612,5.10157114266992,4.73767119857722,5.43263177528947,5.0544995375665,5.27687061033553,5.48895139032343,5.52232949057352,5.30806588301336,5.7117713465937,5.57051099354623,5.67836355703411,5.63105215395403,5.8873926015747,6.08059001975783,5.50110024991039,5.64319894389571,5.70080878496654,5.50168762088542,5.52826017279451,5.49577238984858,6.13686859596088,5.65263978727877,5.61452159869632,5.35919832873101,5.07327521873648,5.62245228137369,5.66371910864818,5.83488053109647,5.49062536401862,5.51970910781682
221113_s_at,3.68153162007233,3.35056137519068,3.4502914206784,3.35016459301237,3.32419058986789,3.39038746571988,3.47449033193072,3.5211636700763,3.5026725399691,3.34385942974206,3.49892527024601,3.60245850961875,3.60068886415808,3.63866160706524,3.52520497496388,3.48844417779402,3.78309552586916,3.8003231026603,3.52282942832627,3.51738509142263,3.51189623260408,3.5982101581258,3.35551874601132,3.44308722979416,3.45793029334445,3.66273466084878,3.60033451415003,3.51543352114552,3.62183995717893,3.39817351108416,3.62183995717893,3.64765846838057,3.69560823746538,3.63374095698814,3.35233413057837,3.47526498274303,3.54440288574976,3.47449033193072,3.32306387022823,3.33732059153055,3.46056147843478,3.41844128289599
221244_s_at,4.11565787979787,4.36106161124059,4.64484012811149,4.05132075285438,4.08288761704656,4.27800799934788,4.3135424580451,4.00797271116521,4.47380436758722,4.40508724484481,4.15770125474383,4.32993280004041,4.17462883971358,4.18452109141008,4.2180561674581,4.81447654872018,4.39654736441045,4.22021595865374,4.25740089077004,3.97333221783661,4.06021035184021,3.9567229968724,4.13978595463166,3.9977989809566,3.79191664947183,3.94571051991698,3.96392154610309,4.27507262398435,4.20486572255268,3.96508879005543,4.07670978322075,4.20597955998455,4.34472374089789,4.06747952846851,4.23324266961786,3.98517063352885,3.9087001958807,4.02731227136817,4.2580029595654,3.94815951077932,3.74939974181233,3.51656267792241
221245_s_at,6.52938221872258,6.68485187964299,6.33419311401384,6.41872775017778,6.61695219314356,6.8756919660444,6.28596471564914,6.38638528966426,6.42710807635286,6.30675695681769,6.22298449723034,6.45505778879542,6.36090555764468,6.28473864597495,6.39421554802772,6.05335286030725,6.29794508963803,6.03822697281122,6.40178392140367,6.70890142205325,6.70911331586979,7.58402827172058,7.09357053782904,6.574768553522,6.7006119627787,7.00870746536984,6.54858827645106,6.80072416921092,6.80046363709153,7.10496826732429,6.57868769935771,6.4166667044801,6.77357528010806,6.28078569208536,7.45705967988816,6.54610790963387,6.43303611502137,6.38216860652232,6.53493375639299,7.00588590946905,7.01183468397495,7.07547914176558
221504_s_at,4.81971161411173,4.37061872652998,4.62955686150197,4.94672282940524,4.68637149664813,5.00639438582995,4.83188119431407,4.8679330734906,4.94649962022939,5.62345195994107,5.04292773757543,5.55138325273902,4.82669974820444,5.32608626995678,5.26343689550503,4.96903977159897,5.05255858382533,5.20205120706183,4.77144836904997,4.71096959631154,4.66746944847528,4.79915424638413,4.74131475990447,4.67085323965813,4.64647689067014,4.80273235526973,4.70088679194893,4.79984181558458,4.54792011817586,4.76735803306235,5.8124746950632,5.58367766804259,6.24852270103539,5.3974221286585,6.80197935914457,5.29961475773023,5.12022910836757,5.91556032308748,5.91171920897784,4.88680361220794,4.56990977305249,4.76507039991761
221524_s_at,6.30918605067511,6.13165225178402,6.34118745132918,5.78933056768594,6.3540460657035,6.27445571970689,6.17373951280115,6.11277345561151,6.47209868580714,6.22946869728186,6.39463275865456,5.96974040011372,6.38384544913655,6.22198115310911,6.31368558486255,6.55960127799668,5.86927404141724,5.91986618952214,6.20591381070853,6.69297921030544,6.54167856682379,5.89809559770134,5.93553141321299,5.92529050536674,5.99862949810261,5.61238420913874,5.74710637192727,5.86063957291092,5.88679746888282,6.26621259606043,5.48489607327191,6.31143556450162,5.9261212201095,5.85349529607114,5.74308563050475,5.97631772963047,6.12849026497508,5.99284026923624,5.70392730472443,5.7605301843469,6.04281824536894,6.05771603883639
221539_at,5.57009809464865,5.38667855980728,5.51354048079968,5.38058185616183,5.48465406847401,5.57132689668118,5.19098373808759,4.97604634602926,5.4138080153906,5.03008522805557,4.8147572276419,5.11336369286812,4.82890930062242,4.92171637953525,4.27851106484314,4.87396082923215,5.0241577098357,4.8555517487875,5.22409172840089,5.00027471168051,4.93955963460335,5.47519569529237,5.95012982473792,6.50821880643729,5.16918458057694,5.62631919856887,4.71281394523022,5.40807757697983,5.08639402493629,5.02319154787345,4.89012341002763,4.51112739094263,5.20667627939052,4.95235155584728,4.80630951759519,4.29307478149873,4.96227034764031,5.58555075230958,5.84616677901945,5.19696024716366,4.94752908232147,4.76551246518533
221554_at,5.19630405209479,4.97405231254157,5.1430968988069,5.00912033557107,5.14895154755353,5.20505358623033,5.09266802454866,5.15186800586917,5.11496831560624,5.27358469276158,5.15608761321899,5.03998074367817,5.13196487409398,5.10999486772699,5.21725635260011,4.98853273147147,5.383187785863,5.02495247052172,4.97703969613904,5.14417006571819,5.4465770068651,5.09786688639383,5.0797908693804,5.04373362882304,5.09853750024983,5.15315833371153,4.97563133755068,5.16095550208267,5.130843552884,5.34354603587877,5.16758381242213,5.49557998057412,5.17481942391287,5.26426519821006,5.08508327579051,5.19926092790123,4.84336204860485,5.1430968988069,5.11253006226479,4.96968590054124,5.38764581492117,5.4409791459855
221608_at,4.44603183816354,4.13010031628373,4.1508456480252,4.4164928678348,4.13595239113436,4.37437829409854,4.38163146455541,4.45664872907917,4.47648897350155,4.4291770488282,4.12143420120306,4.05373986665249,4.37328381940028,4.33596042517242,4.24533859747302,4.30623180500043,4.59827780769286,4.47546819517572,4.0847210011001,4.28249768730078,4.33336513307644,4.7575945950576,4.2273372246658,4.53796818056915,4.54485683657734,4.15770125474383,4.21103034478342,4.11391631530733,4.33464622681043,4.5159193460156,4.34340028534027,4.18616250803731,3.9079775020275,4.22628850001713,4.47763512046563,4.46216592641053,4.41376529968348,4.24533859747302,4.27167840637352,4.23192696848695,4.65764070454362,4.52210549209711
221609_s_at,8.24706849179562,7.93541991419828,7.61668946665163,7.95448199086311,7.8919733211797,8.33982123623466,7.78891468784848,8.11000334273048,7.40965573881514,8.00198801149182,7.21979089961709,7.09015220292538,7.7703072123341,7.41688672942276,7.5489335620541,7.47032234845559,7.9737200781938,8.07816589356909,7.85945785634921,8.10141509090929,8.16702227653925,7.80149529962978,7.22896443517556,7.36073296690648,8.25752694100991,8.15668991528006,7.95206992291156,8.18227168565686,7.73898063433616,7.48174641170861,7.84273411668682,6.47184265606812,6.27512225794612,7.12989717583446,6.9021975686392,8.06832163513329,7.31262913728286,6.74805015079357,6.51135312039162,7.99542388529429,7.95060208092125,8.11888469437326
221931_s_at,6.57577133725518,6.87012227108528,6.08534099548183,5.98195037186146,5.73239411919761,6.64660647680624,6.0207832680152,6.23985646664056,5.16294387919695,5.68724754666135,5.81334597880962,5.18265476002907,6.64595382091534,6.08728777769189,5.89543177688886,5.91403450195893,5.65199736878802,6.18283223166152,6.49227870353357,6.28259588417737,6.29507385864399,5.91279879427087,6.93571889770647,7.45125507606197,5.53470753531387,5.33265912288079,6.01202533830429,6.51837670701333,7.11142810336228,5.12652966981483,4.92092260226685,5.71039352442113,4.04407560251864,4.54747342556062,3.99507252620212,6.17603418971999,5.41600863004331,5.33412235885391,3.98323051958618,6.87012227108528,5.17166431762708,6.12685826085796
222086_s_at,7.00103241860226,6.80218177249526,6.63912794647778,6.91399547015665,6.87140365510227,7.66673753760527,6.79081465557769,6.87164970308444,7.26777368586237,7.14057069454828,6.97328668666688,7.02213812631858,6.85965303044547,6.89869951525032,6.77579607901752,6.61792721604284,6.84670711105055,7.04452517824869,6.80447624265814,7.28888222644044,6.93727194296464,7.02792653046858,7.60496412655693,7.31172800217464,7.17821469399015,7.26276120987341,8.54197994328667,7.13205580394559,7.06391233269749,7.9583081404091,7.57016689263641,7.19389465741953,8.08498338594401,6.77888725155782,7.14879159321189,7.17650599909019,6.89399645745201,7.77788950471513,7.97640936272695,7.04721301119278,9.04288228145859,7.83698017941742
34697_at,8.12405193736105,8.12114870121492,8.05632206514202,8.1154620749426,8.09973128730132,8.41616678318554,7.82230899592527,8.03743059086668,8.08874670939326,8.37024424662424,8.38886952653487,9.11035305229214,8.04806369224245,8.23631627136888,8.1571005573147,8.12405193736105,8.20189837725343,8.30045789501173,7.78201002082383,8.04113970059,7.86094645392518,8.32059204868228,8.50645731846001,8.33671865098924,7.85397754360797,9.0125709565406,7.7306768225635,8.33821434632534,8.11801361973919,8.25463699841689,8.44350045616948,8.53082467142811,9.53839538837145,8.44121832340079,8.72171360452694,8.14003262674866,8.44219223947535,9.09993819923486,9.30637074424287,8.15851204253295,7.94231946026747,7.76450419995617
41657_at,4.30015728127304,4.36529832658408,4.2994142184476,4.38705490979745,4.37872105851737,4.26840891091139,4.2423989751813,4.36313451005392,4.57451453061349,4.01340267830721,4.14501501573182,3.70728304035262,4.2373380490129,4.12007556781831,4.22782832348393,3.99803418727382,4.05497013965377,4.27076355435255,4.40321338388729,4.40118393542383,4.52284466742125,4.31851579296566,4.27507262398435,4.47970237733033,4.48851359315788,4.58573944093762,4.40767537383103,4.32566717080767,4.39731612067259,4.37304226338933,4.20837072124713,3.97333221783661,3.5880169769691,4.36287149749777,3.97262472400201,4.12518693912612,4.2295332765611,4.22301016745522,3.77076677260523,4.17997170108118,4.45918667462704,4.62642330214013
71933_at,6.45859725975256,6.78073778854851,6.20507196782364,6.33246279210899,6.32533127999852,5.88119766188989,6.8890144965463,6.41397879243355,5.65362824426797,6.31740400373174,6.24682195271419,6.00640147500067,6.55848910616573,6.67811175377087,6.73235754508306,6.89169007945335,6.16103387658863,5.91534859199315,6.68998372815605,6.01944856767533,5.81054830583141,5.99749410771422,6.02431074447415,5.95736407903863,6.66514211870296,5.80775606565176,6.53633927884899,6.16608284571854,6.6675305659121,5.19098373808759,7.07706381998721,4.94055059007567,4.82873871645964,5.9401745881952,4.28383681319858,7.49179598952822,6.67312494684219,5.5914806389974,4.77120648254503,7.19615014353229,5.41767604319105,6.2228214340415
